"transactionId","userId","ageGroup","gender","date","amount","merchant","source","paymentMethod","category","type","importBatchId","createdAt"
"DUMMY-2026-0001","presentation_demo_user","30s","unspecified","2026-01-02","400","サンプルサービスA","PayPay","PayPay","その他","expense","DUMMY-BATCH-202601","2026-09-02T12:00:00Z"
"DUMMY-2026-0024","presentation_demo_user","30s","unspecified","2026-01-02","72","ENEOS サンプル店","VISA","VISA","交通費","expense","DUMMY-BATCH-202601","2026-09-02T12:00:00Z"
"DUMMY-2026-0027","presentation_demo_user","30s","unspecified","2026-01-03","128","docomo サンプル","JCB","JCB","通信費","expense","DUMMY-BATCH-202601","2026-09-02T12:00:00Z"
"DUMMY-2026-0009","presentation_demo_user","30s","unspecified","2026-01-05","1404","イオン サンプル店","PayPay","PayPay","食費","expense","DUMMY-BATCH-202601","2026-09-02T12:00:00Z"
"DUMMY-2026-0026","presentation_demo_user","30s","unspecified","2026-01-05","144","東京ガス サンプル","VISA","VISA","光熱費","expense","DUMMY-BATCH-202601","2026-09-02T12:00:00Z"
"DUMMY-2026-0007","presentation_demo_user","30s","unspecified","2026-01-06","400","サンプルサービスG","PayPay","PayPay","その他","expense","DUMMY-BATCH-202601","2026-09-02T12:00:00Z"
"DUMMY-2026-0029","presentation_demo_user","30s","unspecified","2026-01-06","88","サンプル家賃","JCB","JCB","住居費","expense","DUMMY-BATCH-202601","2026-09-02T12:00:00Z"
"DUMMY-2026-0002","presentation_demo_user","30s","unspecified","2026-01-07","400","サンプルサービスB","JCB","JCB","その他","expense","DUMMY-BATCH-202601","2026-09-02T12:00:00Z"
"DUMMY-2026-0013","presentation_demo_user","30s","unspecified","2026-01-08","1456","Amazon サンプル購入","JCB","JCB","ネットでの購入","expense","DUMMY-BATCH-202601","2026-09-02T12:00:00Z"
"DUMMY-2026-0028","presentation_demo_user","30s","unspecified","2026-01-08","128","NTT サンプル","VISA","VISA","通信費","expense","DUMMY-BATCH-202601","2026-09-02T12:00:00Z"
"DUMMY-2026-0010","presentation_demo_user","30s","unspecified","2026-01-10","1404","セブンイレブン サンプル店","PayPay","PayPay","食費","expense","DUMMY-BATCH-202601","2026-09-02T12:00:00Z"
"DUMMY-2026-0008","presentation_demo_user","30s","unspecified","2026-01-11","400","サンプルサービスH","JCB","JCB","その他","expense","DUMMY-BATCH-202601","2026-09-02T12:00:00Z"
"DUMMY-2026-0015","presentation_demo_user","30s","unspecified","2026-01-11","864","マツモトキヨシ サンプル店","PayPay","PayPay","日用品","expense","DUMMY-BATCH-202601","2026-09-02T12:00:00Z"
"DUMMY-2026-0030","presentation_demo_user","30s","unspecified","2026-01-11","88","サンプル住宅ローン","VISA","VISA","住居費","expense","DUMMY-BATCH-202601","2026-09-02T12:00:00Z"
"DUMMY-2026-0003","presentation_demo_user","30s","unspecified","2026-01-12","400","サンプルサービスC","VISA","VISA","その他","expense","DUMMY-BATCH-202601","2026-09-02T12:00:00Z"
"DUMMY-2026-0014","presentation_demo_user","30s","unspecified","2026-01-13","1456","楽天市場 サンプル購入","VISA","VISA","ネットでの購入","expense","DUMMY-BATCH-202601","2026-09-02T12:00:00Z"
"DUMMY-2026-0017","presentation_demo_user","30s","unspecified","2026-01-14","520","ユニクロ サンプル店","JCB","JCB","衣服費","expense","DUMMY-BATCH-202601","2026-09-02T12:00:00Z"
"DUMMY-2026-0011","presentation_demo_user","30s","unspecified","2026-01-15","1404","スターバックス サンプル店","JCB","JCB","食費","expense","DUMMY-BATCH-202601","2026-09-02T12:00:00Z"
"DUMMY-2026-0016","presentation_demo_user","30s","unspecified","2026-01-16","864","ニトリ サンプル店","JCB","JCB","日用品","expense","DUMMY-BATCH-202601","2026-09-02T12:00:00Z"
"DUMMY-2026-0004","presentation_demo_user","30s","unspecified","2026-01-17","400","サンプルサービスD","PayPay","PayPay","その他","expense","DUMMY-BATCH-202601","2026-09-02T12:00:00Z"
"DUMMY-2026-0019","presentation_demo_user","30s","unspecified","2026-01-17","160","TOHOシネマズ サンプル","JCB","JCB","娯楽","expense","DUMMY-BATCH-202601","2026-09-02T12:00:00Z"
"DUMMY-2026-0018","presentation_demo_user","30s","unspecified","2026-01-19","520","ABC-MART サンプル店","VISA","VISA","衣服費","expense","DUMMY-BATCH-202601","2026-09-02T12:00:00Z"
"DUMMY-2026-0012","presentation_demo_user","30s","unspecified","2026-01-20","1404","サイゼリヤ サンプル店","VISA","VISA","食費","expense","DUMMY-BATCH-202601","2026-09-02T12:00:00Z"
"DUMMY-2026-0021","presentation_demo_user","30s","unspecified","2026-01-20","160","さくら歯科 サンプル","PayPay","PayPay","医療費","expense","DUMMY-BATCH-202601","2026-09-02T12:00:00Z"
"DUMMY-2026-0005","presentation_demo_user","30s","unspecified","2026-01-22","400","サンプルサービスE","JCB","JCB","その他","expense","DUMMY-BATCH-202601","2026-09-02T12:00:00Z"
"DUMMY-2026-0020","presentation_demo_user","30s","unspecified","2026-01-22","160","Netflix サンプル","VISA","VISA","娯楽","expense","DUMMY-BATCH-202601","2026-09-02T12:00:00Z"
"DUMMY-2026-0023","presentation_demo_user","30s","unspecified","2026-01-23","72","JR東日本 サンプル","PayPay","PayPay","交通費","expense","DUMMY-BATCH-202601","2026-09-02T12:00:00Z"
"DUMMY-2026-0022","presentation_demo_user","30s","unspecified","2026-01-25","160","みどりクリニック サンプル","JCB","JCB","医療費","expense","DUMMY-BATCH-202601","2026-09-02T12:00:00Z"
"DUMMY-2026-0025","presentation_demo_user","30s","unspecified","2026-01-26","144","東京電力 サンプル","JCB","JCB","光熱費","expense","DUMMY-BATCH-202601","2026-09-02T12:00:00Z"
"DUMMY-2026-0006","presentation_demo_user","30s","unspecified","2026-01-27","400","サンプルサービスF","VISA","VISA","その他","expense","DUMMY-BATCH-202601","2026-09-02T12:00:00Z"
"DUMMY-2026-0031","presentation_demo_user","30s","unspecified","2026-02-02","400","サンプルサービスA","PayPay","PayPay","その他","expense","DUMMY-BATCH-202602","2026-09-02T12:00:00Z"
"DUMMY-2026-0054","presentation_demo_user","30s","unspecified","2026-02-02","72","ENEOS サンプル店","VISA","VISA","交通費","expense","DUMMY-BATCH-202602","2026-09-02T12:00:00Z"
"DUMMY-2026-0057","presentation_demo_user","30s","unspecified","2026-02-03","128","docomo サンプル","JCB","JCB","通信費","expense","DUMMY-BATCH-202602","2026-09-02T12:00:00Z"
"DUMMY-2026-0039","presentation_demo_user","30s","unspecified","2026-02-05","1404","イオン サンプル店","PayPay","PayPay","食費","expense","DUMMY-BATCH-202602","2026-09-02T12:00:00Z"
"DUMMY-2026-0056","presentation_demo_user","30s","unspecified","2026-02-05","144","東京ガス サンプル","VISA","VISA","光熱費","expense","DUMMY-BATCH-202602","2026-09-02T12:00:00Z"
"DUMMY-2026-0037","presentation_demo_user","30s","unspecified","2026-02-06","400","サンプルサービスG","PayPay","PayPay","その他","expense","DUMMY-BATCH-202602","2026-09-02T12:00:00Z"
"DUMMY-2026-0059","presentation_demo_user","30s","unspecified","2026-02-06","88","サンプル家賃","JCB","JCB","住居費","expense","DUMMY-BATCH-202602","2026-09-02T12:00:00Z"
"DUMMY-2026-0032","presentation_demo_user","30s","unspecified","2026-02-07","400","サンプルサービスB","JCB","JCB","その他","expense","DUMMY-BATCH-202602","2026-09-02T12:00:00Z"
"DUMMY-2026-0043","presentation_demo_user","30s","unspecified","2026-02-08","1456","Amazon サンプル購入","JCB","JCB","ネットでの購入","expense","DUMMY-BATCH-202602","2026-09-02T12:00:00Z"
"DUMMY-2026-0058","presentation_demo_user","30s","unspecified","2026-02-08","128","NTT サンプル","VISA","VISA","通信費","expense","DUMMY-BATCH-202602","2026-09-02T12:00:00Z"
"DUMMY-2026-0040","presentation_demo_user","30s","unspecified","2026-02-10","1404","セブンイレブン サンプル店","PayPay","PayPay","食費","expense","DUMMY-BATCH-202602","2026-09-02T12:00:00Z"
"DUMMY-2026-0038","presentation_demo_user","30s","unspecified","2026-02-11","400","サンプルサービスH","JCB","JCB","その他","expense","DUMMY-BATCH-202602","2026-09-02T12:00:00Z"
"DUMMY-2026-0045","presentation_demo_user","30s","unspecified","2026-02-11","864","マツモトキヨシ サンプル店","PayPay","PayPay","日用品","expense","DUMMY-BATCH-202602","2026-09-02T12:00:00Z"
"DUMMY-2026-0060","presentation_demo_user","30s","unspecified","2026-02-11","88","サンプル住宅ローン","VISA","VISA","住居費","expense","DUMMY-BATCH-202602","2026-09-02T12:00:00Z"
"DUMMY-2026-0033","presentation_demo_user","30s","unspecified","2026-02-12","400","サンプルサービスC","VISA","VISA","その他","expense","DUMMY-BATCH-202602","2026-09-02T12:00:00Z"
"DUMMY-2026-0044","presentation_demo_user","30s","unspecified","2026-02-13","1456","楽天市場 サンプル購入","VISA","VISA","ネットでの購入","expense","DUMMY-BATCH-202602","2026-09-02T12:00:00Z"
"DUMMY-2026-0047","presentation_demo_user","30s","unspecified","2026-02-14","520","ユニクロ サンプル店","JCB","JCB","衣服費","expense","DUMMY-BATCH-202602","2026-09-02T12:00:00Z"
"DUMMY-2026-0041","presentation_demo_user","30s","unspecified","2026-02-15","1404","スターバックス サンプル店","JCB","JCB","食費","expense","DUMMY-BATCH-202602","2026-09-02T12:00:00Z"
"DUMMY-2026-0046","presentation_demo_user","30s","unspecified","2026-02-16","864","ニトリ サンプル店","JCB","JCB","日用品","expense","DUMMY-BATCH-202602","2026-09-02T12:00:00Z"
"DUMMY-2026-0034","presentation_demo_user","30s","unspecified","2026-02-17","400","サンプルサービスD","PayPay","PayPay","その他","expense","DUMMY-BATCH-202602","2026-09-02T12:00:00Z"
"DUMMY-2026-0049","presentation_demo_user","30s","unspecified","2026-02-17","160","TOHOシネマズ サンプル","JCB","JCB","娯楽","expense","DUMMY-BATCH-202602","2026-09-02T12:00:00Z"
"DUMMY-2026-0048","presentation_demo_user","30s","unspecified","2026-02-19","520","ABC-MART サンプル店","VISA","VISA","衣服費","expense","DUMMY-BATCH-202602","2026-09-02T12:00:00Z"
"DUMMY-2026-0042","presentation_demo_user","30s","unspecified","2026-02-20","1404","サイゼリヤ サンプル店","VISA","VISA","食費","expense","DUMMY-BATCH-202602","2026-09-02T12:00:00Z"
"DUMMY-2026-0051","presentation_demo_user","30s","unspecified","2026-02-20","160","さくら歯科 サンプル","PayPay","PayPay","医療費","expense","DUMMY-BATCH-202602","2026-09-02T12:00:00Z"
"DUMMY-2026-0035","presentation_demo_user","30s","unspecified","2026-02-22","400","サンプルサービスE","JCB","JCB","その他","expense","DUMMY-BATCH-202602","2026-09-02T12:00:00Z"
"DUMMY-2026-0050","presentation_demo_user","30s","unspecified","2026-02-22","160","Netflix サンプル","VISA","VISA","娯楽","expense","DUMMY-BATCH-202602","2026-09-02T12:00:00Z"
"DUMMY-2026-0053","presentation_demo_user","30s","unspecified","2026-02-23","72","JR東日本 サンプル","PayPay","PayPay","交通費","expense","DUMMY-BATCH-202602","2026-09-02T12:00:00Z"
"DUMMY-2026-0052","presentation_demo_user","30s","unspecified","2026-02-25","160","みどりクリニック サンプル","JCB","JCB","医療費","expense","DUMMY-BATCH-202602","2026-09-02T12:00:00Z"
"DUMMY-2026-0055","presentation_demo_user","30s","unspecified","2026-02-26","144","東京電力 サンプル","JCB","JCB","光熱費","expense","DUMMY-BATCH-202602","2026-09-02T12:00:00Z"
"DUMMY-2026-0036","presentation_demo_user","30s","unspecified","2026-02-27","400","サンプルサービスF","VISA","VISA","その他","expense","DUMMY-BATCH-202602","2026-09-02T12:00:00Z"
"DUMMY-2026-0061","presentation_demo_user","30s","unspecified","2026-03-02","400","サンプルサービスA","PayPay","PayPay","その他","expense","DUMMY-BATCH-202603","2026-09-02T12:00:00Z"
"DUMMY-2026-0084","presentation_demo_user","30s","unspecified","2026-03-02","72","ENEOS サンプル店","VISA","VISA","交通費","expense","DUMMY-BATCH-202603","2026-09-02T12:00:00Z"
"DUMMY-2026-0087","presentation_demo_user","30s","unspecified","2026-03-03","128","docomo サンプル","JCB","JCB","通信費","expense","DUMMY-BATCH-202603","2026-09-02T12:00:00Z"
"DUMMY-2026-0069","presentation_demo_user","30s","unspecified","2026-03-05","1404","イオン サンプル店","PayPay","PayPay","食費","expense","DUMMY-BATCH-202603","2026-09-02T12:00:00Z"
"DUMMY-2026-0086","presentation_demo_user","30s","unspecified","2026-03-05","144","東京ガス サンプル","VISA","VISA","光熱費","expense","DUMMY-BATCH-202603","2026-09-02T12:00:00Z"
"DUMMY-2026-0067","presentation_demo_user","30s","unspecified","2026-03-06","400","サンプルサービスG","PayPay","PayPay","その他","expense","DUMMY-BATCH-202603","2026-09-02T12:00:00Z"
"DUMMY-2026-0089","presentation_demo_user","30s","unspecified","2026-03-06","88","サンプル家賃","JCB","JCB","住居費","expense","DUMMY-BATCH-202603","2026-09-02T12:00:00Z"
"DUMMY-2026-0062","presentation_demo_user","30s","unspecified","2026-03-07","400","サンプルサービスB","JCB","JCB","その他","expense","DUMMY-BATCH-202603","2026-09-02T12:00:00Z"
"DUMMY-2026-0073","presentation_demo_user","30s","unspecified","2026-03-08","1456","Amazon サンプル購入","JCB","JCB","ネットでの購入","expense","DUMMY-BATCH-202603","2026-09-02T12:00:00Z"
"DUMMY-2026-0088","presentation_demo_user","30s","unspecified","2026-03-08","128","NTT サンプル","VISA","VISA","通信費","expense","DUMMY-BATCH-202603","2026-09-02T12:00:00Z"
"DUMMY-2026-0070","presentation_demo_user","30s","unspecified","2026-03-10","1404","セブンイレブン サンプル店","PayPay","PayPay","食費","expense","DUMMY-BATCH-202603","2026-09-02T12:00:00Z"
"DUMMY-2026-0068","presentation_demo_user","30s","unspecified","2026-03-11","400","サンプルサービスH","JCB","JCB","その他","expense","DUMMY-BATCH-202603","2026-09-02T12:00:00Z"
"DUMMY-2026-0075","presentation_demo_user","30s","unspecified","2026-03-11","864","マツモトキヨシ サンプル店","PayPay","PayPay","日用品","expense","DUMMY-BATCH-202603","2026-09-02T12:00:00Z"
"DUMMY-2026-0090","presentation_demo_user","30s","unspecified","2026-03-11","88","サンプル住宅ローン","VISA","VISA","住居費","expense","DUMMY-BATCH-202603","2026-09-02T12:00:00Z"
"DUMMY-2026-0063","presentation_demo_user","30s","unspecified","2026-03-12","400","サンプルサービスC","VISA","VISA","その他","expense","DUMMY-BATCH-202603","2026-09-02T12:00:00Z"
"DUMMY-2026-0074","presentation_demo_user","30s","unspecified","2026-03-13","1456","楽天市場 サンプル購入","VISA","VISA","ネットでの購入","expense","DUMMY-BATCH-202603","2026-09-02T12:00:00Z"
"DUMMY-2026-0077","presentation_demo_user","30s","unspecified","2026-03-14","520","ユニクロ サンプル店","JCB","JCB","衣服費","expense","DUMMY-BATCH-202603","2026-09-02T12:00:00Z"
"DUMMY-2026-0071","presentation_demo_user","30s","unspecified","2026-03-15","1404","スターバックス サンプル店","JCB","JCB","食費","expense","DUMMY-BATCH-202603","2026-09-02T12:00:00Z"
"DUMMY-2026-0076","presentation_demo_user","30s","unspecified","2026-03-16","864","ニトリ サンプル店","JCB","JCB","日用品","expense","DUMMY-BATCH-202603","2026-09-02T12:00:00Z"
"DUMMY-2026-0064","presentation_demo_user","30s","unspecified","2026-03-17","400","サンプルサービスD","PayPay","PayPay","その他","expense","DUMMY-BATCH-202603","2026-09-02T12:00:00Z"
"DUMMY-2026-0079","presentation_demo_user","30s","unspecified","2026-03-17","160","TOHOシネマズ サンプル","JCB","JCB","娯楽","expense","DUMMY-BATCH-202603","2026-09-02T12:00:00Z"
"DUMMY-2026-0078","presentation_demo_user","30s","unspecified","2026-03-19","520","ABC-MART サンプル店","VISA","VISA","衣服費","expense","DUMMY-BATCH-202603","2026-09-02T12:00:00Z"
"DUMMY-2026-0072","presentation_demo_user","30s","unspecified","2026-03-20","1404","サイゼリヤ サンプル店","VISA","VISA","食費","expense","DUMMY-BATCH-202603","2026-09-02T12:00:00Z"
"DUMMY-2026-0081","presentation_demo_user","30s","unspecified","2026-03-20","160","さくら歯科 サンプル","PayPay","PayPay","医療費","expense","DUMMY-BATCH-202603","2026-09-02T12:00:00Z"
"DUMMY-2026-0065","presentation_demo_user","30s","unspecified","2026-03-22","400","サンプルサービスE","JCB","JCB","その他","expense","DUMMY-BATCH-202603","2026-09-02T12:00:00Z"
"DUMMY-2026-0080","presentation_demo_user","30s","unspecified","2026-03-22","160","Netflix サンプル","VISA","VISA","娯楽","expense","DUMMY-BATCH-202603","2026-09-02T12:00:00Z"
"DUMMY-2026-0083","presentation_demo_user","30s","unspecified","2026-03-23","72","JR東日本 サンプル","PayPay","PayPay","交通費","expense","DUMMY-BATCH-202603","2026-09-02T12:00:00Z"
"DUMMY-2026-0082","presentation_demo_user","30s","unspecified","2026-03-25","160","みどりクリニック サンプル","JCB","JCB","医療費","expense","DUMMY-BATCH-202603","2026-09-02T12:00:00Z"
"DUMMY-2026-0085","presentation_demo_user","30s","unspecified","2026-03-26","144","東京電力 サンプル","JCB","JCB","光熱費","expense","DUMMY-BATCH-202603","2026-09-02T12:00:00Z"
"DUMMY-2026-0066","presentation_demo_user","30s","unspecified","2026-03-27","400","サンプルサービスF","VISA","VISA","その他","expense","DUMMY-BATCH-202603","2026-09-02T12:00:00Z"
"DUMMY-2026-0091","presentation_demo_user","30s","unspecified","2026-04-02","425","サンプルサービスA","PayPay","PayPay","その他","expense","DUMMY-BATCH-202604","2026-09-02T12:00:00Z"
"DUMMY-2026-0114","presentation_demo_user","30s","unspecified","2026-04-02","76","ENEOS サンプル店","VISA","VISA","交通費","expense","DUMMY-BATCH-202604","2026-09-02T12:00:00Z"
"DUMMY-2026-0117","presentation_demo_user","30s","unspecified","2026-04-03","136","docomo サンプル","JCB","JCB","通信費","expense","DUMMY-BATCH-202604","2026-09-02T12:00:00Z"
"DUMMY-2026-0099","presentation_demo_user","30s","unspecified","2026-04-05","1492","イオン サンプル店","PayPay","PayPay","食費","expense","DUMMY-BATCH-202604","2026-09-02T12:00:00Z"
"DUMMY-2026-0116","presentation_demo_user","30s","unspecified","2026-04-05","153","東京ガス サンプル","VISA","VISA","光熱費","expense","DUMMY-BATCH-202604","2026-09-02T12:00:00Z"
"DUMMY-2026-0097","presentation_demo_user","30s","unspecified","2026-04-06","425","サンプルサービスG","PayPay","PayPay","その他","expense","DUMMY-BATCH-202604","2026-09-02T12:00:00Z"
"DUMMY-2026-0119","presentation_demo_user","30s","unspecified","2026-04-06","94","サンプル家賃","JCB","JCB","住居費","expense","DUMMY-BATCH-202604","2026-09-02T12:00:00Z"
"DUMMY-2026-0092","presentation_demo_user","30s","unspecified","2026-04-07","425","サンプルサービスB","JCB","JCB","その他","expense","DUMMY-BATCH-202604","2026-09-02T12:00:00Z"
"DUMMY-2026-0103","presentation_demo_user","30s","unspecified","2026-04-08","1547","Amazon サンプル購入","JCB","JCB","ネットでの購入","expense","DUMMY-BATCH-202604","2026-09-02T12:00:00Z"
"DUMMY-2026-0118","presentation_demo_user","30s","unspecified","2026-04-08","136","NTT サンプル","VISA","VISA","通信費","expense","DUMMY-BATCH-202604","2026-09-02T12:00:00Z"
"DUMMY-2026-0100","presentation_demo_user","30s","unspecified","2026-04-10","1492","セブンイレブン サンプル店","PayPay","PayPay","食費","expense","DUMMY-BATCH-202604","2026-09-02T12:00:00Z"
"DUMMY-2026-0098","presentation_demo_user","30s","unspecified","2026-04-11","425","サンプルサービスH","JCB","JCB","その他","expense","DUMMY-BATCH-202604","2026-09-02T12:00:00Z"
"DUMMY-2026-0105","presentation_demo_user","30s","unspecified","2026-04-11","918","マツモトキヨシ サンプル店","PayPay","PayPay","日用品","expense","DUMMY-BATCH-202604","2026-09-02T12:00:00Z"
"DUMMY-2026-0120","presentation_demo_user","30s","unspecified","2026-04-11","93","サンプル住宅ローン","VISA","VISA","住居費","expense","DUMMY-BATCH-202604","2026-09-02T12:00:00Z"
"DUMMY-2026-0093","presentation_demo_user","30s","unspecified","2026-04-12","425","サンプルサービスC","VISA","VISA","その他","expense","DUMMY-BATCH-202604","2026-09-02T12:00:00Z"
"DUMMY-2026-0104","presentation_demo_user","30s","unspecified","2026-04-13","1547","楽天市場 サンプル購入","VISA","VISA","ネットでの購入","expense","DUMMY-BATCH-202604","2026-09-02T12:00:00Z"
"DUMMY-2026-0107","presentation_demo_user","30s","unspecified","2026-04-14","553","ユニクロ サンプル店","JCB","JCB","衣服費","expense","DUMMY-BATCH-202604","2026-09-02T12:00:00Z"
"DUMMY-2026-0101","presentation_demo_user","30s","unspecified","2026-04-15","1492","スターバックス サンプル店","JCB","JCB","食費","expense","DUMMY-BATCH-202604","2026-09-02T12:00:00Z"
"DUMMY-2026-0106","presentation_demo_user","30s","unspecified","2026-04-16","918","ニトリ サンプル店","JCB","JCB","日用品","expense","DUMMY-BATCH-202604","2026-09-02T12:00:00Z"
"DUMMY-2026-0094","presentation_demo_user","30s","unspecified","2026-04-17","425","サンプルサービスD","PayPay","PayPay","その他","expense","DUMMY-BATCH-202604","2026-09-02T12:00:00Z"
"DUMMY-2026-0109","presentation_demo_user","30s","unspecified","2026-04-17","170","TOHOシネマズ サンプル","JCB","JCB","娯楽","expense","DUMMY-BATCH-202604","2026-09-02T12:00:00Z"
"DUMMY-2026-0108","presentation_demo_user","30s","unspecified","2026-04-19","552","ABC-MART サンプル店","VISA","VISA","衣服費","expense","DUMMY-BATCH-202604","2026-09-02T12:00:00Z"
"DUMMY-2026-0102","presentation_demo_user","30s","unspecified","2026-04-20","1491","サイゼリヤ サンプル店","VISA","VISA","食費","expense","DUMMY-BATCH-202604","2026-09-02T12:00:00Z"
"DUMMY-2026-0111","presentation_demo_user","30s","unspecified","2026-04-20","170","さくら歯科 サンプル","PayPay","PayPay","医療費","expense","DUMMY-BATCH-202604","2026-09-02T12:00:00Z"
"DUMMY-2026-0095","presentation_demo_user","30s","unspecified","2026-04-22","425","サンプルサービスE","JCB","JCB","その他","expense","DUMMY-BATCH-202604","2026-09-02T12:00:00Z"
"DUMMY-2026-0110","presentation_demo_user","30s","unspecified","2026-04-22","170","Netflix サンプル","VISA","VISA","娯楽","expense","DUMMY-BATCH-202604","2026-09-02T12:00:00Z"
"DUMMY-2026-0113","presentation_demo_user","30s","unspecified","2026-04-23","77","JR東日本 サンプル","PayPay","PayPay","交通費","expense","DUMMY-BATCH-202604","2026-09-02T12:00:00Z"
"DUMMY-2026-0112","presentation_demo_user","30s","unspecified","2026-04-25","170","みどりクリニック サンプル","JCB","JCB","医療費","expense","DUMMY-BATCH-202604","2026-09-02T12:00:00Z"
"DUMMY-2026-0115","presentation_demo_user","30s","unspecified","2026-04-26","153","東京電力 サンプル","JCB","JCB","光熱費","expense","DUMMY-BATCH-202604","2026-09-02T12:00:00Z"
"DUMMY-2026-0096","presentation_demo_user","30s","unspecified","2026-04-27","425","サンプルサービスF","VISA","VISA","その他","expense","DUMMY-BATCH-202604","2026-09-02T12:00:00Z"
"DUMMY-2026-0121","presentation_demo_user","30s","unspecified","2026-05-02","425","サンプルサービスA","PayPay","PayPay","その他","expense","DUMMY-BATCH-202605","2026-09-02T12:00:00Z"
"DUMMY-2026-0144","presentation_demo_user","30s","unspecified","2026-05-02","76","ENEOS サンプル店","VISA","VISA","交通費","expense","DUMMY-BATCH-202605","2026-09-02T12:00:00Z"
"DUMMY-2026-0147","presentation_demo_user","30s","unspecified","2026-05-03","136","docomo サンプル","JCB","JCB","通信費","expense","DUMMY-BATCH-202605","2026-09-02T12:00:00Z"
"DUMMY-2026-0129","presentation_demo_user","30s","unspecified","2026-05-05","1492","イオン サンプル店","PayPay","PayPay","食費","expense","DUMMY-BATCH-202605","2026-09-02T12:00:00Z"
"DUMMY-2026-0146","presentation_demo_user","30s","unspecified","2026-05-05","153","東京ガス サンプル","VISA","VISA","光熱費","expense","DUMMY-BATCH-202605","2026-09-02T12:00:00Z"
"DUMMY-2026-0127","presentation_demo_user","30s","unspecified","2026-05-06","425","サンプルサービスG","PayPay","PayPay","その他","expense","DUMMY-BATCH-202605","2026-09-02T12:00:00Z"
"DUMMY-2026-0149","presentation_demo_user","30s","unspecified","2026-05-06","94","サンプル家賃","JCB","JCB","住居費","expense","DUMMY-BATCH-202605","2026-09-02T12:00:00Z"
"DUMMY-2026-0122","presentation_demo_user","30s","unspecified","2026-05-07","425","サンプルサービスB","JCB","JCB","その他","expense","DUMMY-BATCH-202605","2026-09-02T12:00:00Z"
"DUMMY-2026-0133","presentation_demo_user","30s","unspecified","2026-05-08","1547","Amazon サンプル購入","JCB","JCB","ネットでの購入","expense","DUMMY-BATCH-202605","2026-09-02T12:00:00Z"
"DUMMY-2026-0148","presentation_demo_user","30s","unspecified","2026-05-08","136","NTT サンプル","VISA","VISA","通信費","expense","DUMMY-BATCH-202605","2026-09-02T12:00:00Z"
"DUMMY-2026-0130","presentation_demo_user","30s","unspecified","2026-05-10","1492","セブンイレブン サンプル店","PayPay","PayPay","食費","expense","DUMMY-BATCH-202605","2026-09-02T12:00:00Z"
"DUMMY-2026-0128","presentation_demo_user","30s","unspecified","2026-05-11","425","サンプルサービスH","JCB","JCB","その他","expense","DUMMY-BATCH-202605","2026-09-02T12:00:00Z"
"DUMMY-2026-0135","presentation_demo_user","30s","unspecified","2026-05-11","918","マツモトキヨシ サンプル店","PayPay","PayPay","日用品","expense","DUMMY-BATCH-202605","2026-09-02T12:00:00Z"
"DUMMY-2026-0150","presentation_demo_user","30s","unspecified","2026-05-11","93","サンプル住宅ローン","VISA","VISA","住居費","expense","DUMMY-BATCH-202605","2026-09-02T12:00:00Z"
"DUMMY-2026-0123","presentation_demo_user","30s","unspecified","2026-05-12","425","サンプルサービスC","VISA","VISA","その他","expense","DUMMY-BATCH-202605","2026-09-02T12:00:00Z"
"DUMMY-2026-0134","presentation_demo_user","30s","unspecified","2026-05-13","1547","楽天市場 サンプル購入","VISA","VISA","ネットでの購入","expense","DUMMY-BATCH-202605","2026-09-02T12:00:00Z"
"DUMMY-2026-0137","presentation_demo_user","30s","unspecified","2026-05-14","553","ユニクロ サンプル店","JCB","JCB","衣服費","expense","DUMMY-BATCH-202605","2026-09-02T12:00:00Z"
"DUMMY-2026-0131","presentation_demo_user","30s","unspecified","2026-05-15","1492","スターバックス サンプル店","JCB","JCB","食費","expense","DUMMY-BATCH-202605","2026-09-02T12:00:00Z"
"DUMMY-2026-0136","presentation_demo_user","30s","unspecified","2026-05-16","918","ニトリ サンプル店","JCB","JCB","日用品","expense","DUMMY-BATCH-202605","2026-09-02T12:00:00Z"
"DUMMY-2026-0124","presentation_demo_user","30s","unspecified","2026-05-17","425","サンプルサービスD","PayPay","PayPay","その他","expense","DUMMY-BATCH-202605","2026-09-02T12:00:00Z"
"DUMMY-2026-0139","presentation_demo_user","30s","unspecified","2026-05-17","170","TOHOシネマズ サンプル","JCB","JCB","娯楽","expense","DUMMY-BATCH-202605","2026-09-02T12:00:00Z"
"DUMMY-2026-0138","presentation_demo_user","30s","unspecified","2026-05-19","552","ABC-MART サンプル店","VISA","VISA","衣服費","expense","DUMMY-BATCH-202605","2026-09-02T12:00:00Z"
"DUMMY-2026-0132","presentation_demo_user","30s","unspecified","2026-05-20","1491","サイゼリヤ サンプル店","VISA","VISA","食費","expense","DUMMY-BATCH-202605","2026-09-02T12:00:00Z"
"DUMMY-2026-0141","presentation_demo_user","30s","unspecified","2026-05-20","170","さくら歯科 サンプル","PayPay","PayPay","医療費","expense","DUMMY-BATCH-202605","2026-09-02T12:00:00Z"
"DUMMY-2026-0125","presentation_demo_user","30s","unspecified","2026-05-22","425","サンプルサービスE","JCB","JCB","その他","expense","DUMMY-BATCH-202605","2026-09-02T12:00:00Z"
"DUMMY-2026-0140","presentation_demo_user","30s","unspecified","2026-05-22","170","Netflix サンプル","VISA","VISA","娯楽","expense","DUMMY-BATCH-202605","2026-09-02T12:00:00Z"
"DUMMY-2026-0143","presentation_demo_user","30s","unspecified","2026-05-23","77","JR東日本 サンプル","PayPay","PayPay","交通費","expense","DUMMY-BATCH-202605","2026-09-02T12:00:00Z"
"DUMMY-2026-0142","presentation_demo_user","30s","unspecified","2026-05-25","170","みどりクリニック サンプル","JCB","JCB","医療費","expense","DUMMY-BATCH-202605","2026-09-02T12:00:00Z"
"DUMMY-2026-0145","presentation_demo_user","30s","unspecified","2026-05-26","153","東京電力 サンプル","JCB","JCB","光熱費","expense","DUMMY-BATCH-202605","2026-09-02T12:00:00Z"
"DUMMY-2026-0126","presentation_demo_user","30s","unspecified","2026-05-27","425","サンプルサービスF","VISA","VISA","その他","expense","DUMMY-BATCH-202605","2026-09-02T12:00:00Z"
"DUMMY-2026-0151","presentation_demo_user","30s","unspecified","2026-06-02","450","サンプルサービスA","PayPay","PayPay","その他","expense","DUMMY-BATCH-202606","2026-09-02T12:00:00Z"
"DUMMY-2026-0174","presentation_demo_user","30s","unspecified","2026-06-02","81","ENEOS サンプル店","VISA","VISA","交通費","expense","DUMMY-BATCH-202606","2026-09-02T12:00:00Z"
"DUMMY-2026-0177","presentation_demo_user","30s","unspecified","2026-06-03","144","docomo サンプル","JCB","JCB","通信費","expense","DUMMY-BATCH-202606","2026-09-02T12:00:00Z"
"DUMMY-2026-0159","presentation_demo_user","30s","unspecified","2026-06-05","1580","イオン サンプル店","PayPay","PayPay","食費","expense","DUMMY-BATCH-202606","2026-09-02T12:00:00Z"
"DUMMY-2026-0176","presentation_demo_user","30s","unspecified","2026-06-05","162","東京ガス サンプル","VISA","VISA","光熱費","expense","DUMMY-BATCH-202606","2026-09-02T12:00:00Z"
"DUMMY-2026-0157","presentation_demo_user","30s","unspecified","2026-06-06","450","サンプルサービスG","PayPay","PayPay","その他","expense","DUMMY-BATCH-202606","2026-09-02T12:00:00Z"
"DUMMY-2026-0179","presentation_demo_user","30s","unspecified","2026-06-06","99","サンプル家賃","JCB","JCB","住居費","expense","DUMMY-BATCH-202606","2026-09-02T12:00:00Z"
"DUMMY-2026-0152","presentation_demo_user","30s","unspecified","2026-06-07","450","サンプルサービスB","JCB","JCB","その他","expense","DUMMY-BATCH-202606","2026-09-02T12:00:00Z"
"DUMMY-2026-0163","presentation_demo_user","30s","unspecified","2026-06-08","1638","Amazon サンプル購入","JCB","JCB","ネットでの購入","expense","DUMMY-BATCH-202606","2026-09-02T12:00:00Z"
"DUMMY-2026-0178","presentation_demo_user","30s","unspecified","2026-06-08","144","NTT サンプル","VISA","VISA","通信費","expense","DUMMY-BATCH-202606","2026-09-02T12:00:00Z"
"DUMMY-2026-0160","presentation_demo_user","30s","unspecified","2026-06-10","1580","セブンイレブン サンプル店","PayPay","PayPay","食費","expense","DUMMY-BATCH-202606","2026-09-02T12:00:00Z"
"DUMMY-2026-0158","presentation_demo_user","30s","unspecified","2026-06-11","450","サンプルサービスH","JCB","JCB","その他","expense","DUMMY-BATCH-202606","2026-09-02T12:00:00Z"
"DUMMY-2026-0165","presentation_demo_user","30s","unspecified","2026-06-11","972","マツモトキヨシ サンプル店","PayPay","PayPay","日用品","expense","DUMMY-BATCH-202606","2026-09-02T12:00:00Z"
"DUMMY-2026-0180","presentation_demo_user","30s","unspecified","2026-06-11","99","サンプル住宅ローン","VISA","VISA","住居費","expense","DUMMY-BATCH-202606","2026-09-02T12:00:00Z"
"DUMMY-2026-0153","presentation_demo_user","30s","unspecified","2026-06-12","450","サンプルサービスC","VISA","VISA","その他","expense","DUMMY-BATCH-202606","2026-09-02T12:00:00Z"
"DUMMY-2026-0164","presentation_demo_user","30s","unspecified","2026-06-13","1638","楽天市場 サンプル購入","VISA","VISA","ネットでの購入","expense","DUMMY-BATCH-202606","2026-09-02T12:00:00Z"
"DUMMY-2026-0167","presentation_demo_user","30s","unspecified","2026-06-14","585","ユニクロ サンプル店","JCB","JCB","衣服費","expense","DUMMY-BATCH-202606","2026-09-02T12:00:00Z"
"DUMMY-2026-0161","presentation_demo_user","30s","unspecified","2026-06-15","1579","スターバックス サンプル店","JCB","JCB","食費","expense","DUMMY-BATCH-202606","2026-09-02T12:00:00Z"
"DUMMY-2026-0166","presentation_demo_user","30s","unspecified","2026-06-16","972","ニトリ サンプル店","JCB","JCB","日用品","expense","DUMMY-BATCH-202606","2026-09-02T12:00:00Z"
"DUMMY-2026-0154","presentation_demo_user","30s","unspecified","2026-06-17","450","サンプルサービスD","PayPay","PayPay","その他","expense","DUMMY-BATCH-202606","2026-09-02T12:00:00Z"
"DUMMY-2026-0169","presentation_demo_user","30s","unspecified","2026-06-17","180","TOHOシネマズ サンプル","JCB","JCB","娯楽","expense","DUMMY-BATCH-202606","2026-09-02T12:00:00Z"
"DUMMY-2026-0168","presentation_demo_user","30s","unspecified","2026-06-19","585","ABC-MART サンプル店","VISA","VISA","衣服費","expense","DUMMY-BATCH-202606","2026-09-02T12:00:00Z"
"DUMMY-2026-0162","presentation_demo_user","30s","unspecified","2026-06-20","1579","サイゼリヤ サンプル店","VISA","VISA","食費","expense","DUMMY-BATCH-202606","2026-09-02T12:00:00Z"
"DUMMY-2026-0171","presentation_demo_user","30s","unspecified","2026-06-20","180","さくら歯科 サンプル","PayPay","PayPay","医療費","expense","DUMMY-BATCH-202606","2026-09-02T12:00:00Z"
"DUMMY-2026-0155","presentation_demo_user","30s","unspecified","2026-06-22","450","サンプルサービスE","JCB","JCB","その他","expense","DUMMY-BATCH-202606","2026-09-02T12:00:00Z"
"DUMMY-2026-0170","presentation_demo_user","30s","unspecified","2026-06-22","180","Netflix サンプル","VISA","VISA","娯楽","expense","DUMMY-BATCH-202606","2026-09-02T12:00:00Z"
"DUMMY-2026-0173","presentation_demo_user","30s","unspecified","2026-06-23","81","JR東日本 サンプル","PayPay","PayPay","交通費","expense","DUMMY-BATCH-202606","2026-09-02T12:00:00Z"
"DUMMY-2026-0172","presentation_demo_user","30s","unspecified","2026-06-25","180","みどりクリニック サンプル","JCB","JCB","医療費","expense","DUMMY-BATCH-202606","2026-09-02T12:00:00Z"
"DUMMY-2026-0175","presentation_demo_user","30s","unspecified","2026-06-26","162","東京電力 サンプル","JCB","JCB","光熱費","expense","DUMMY-BATCH-202606","2026-09-02T12:00:00Z"
"DUMMY-2026-0156","presentation_demo_user","30s","unspecified","2026-06-27","450","サンプルサービスF","VISA","VISA","その他","expense","DUMMY-BATCH-202606","2026-09-02T12:00:00Z"
"DUMMY-2026-0181","presentation_demo_user","30s","unspecified","2026-07-02","450","サンプルサービスA","PayPay","PayPay","その他","expense","DUMMY-BATCH-202607","2026-09-02T12:00:00Z"
"DUMMY-2026-0204","presentation_demo_user","30s","unspecified","2026-07-02","81","ENEOS サンプル店","VISA","VISA","交通費","expense","DUMMY-BATCH-202607","2026-09-02T12:00:00Z"
"DUMMY-2026-0207","presentation_demo_user","30s","unspecified","2026-07-03","144","docomo サンプル","JCB","JCB","通信費","expense","DUMMY-BATCH-202607","2026-09-02T12:00:00Z"
"DUMMY-2026-0189","presentation_demo_user","30s","unspecified","2026-07-05","1580","イオン サンプル店","PayPay","PayPay","食費","expense","DUMMY-BATCH-202607","2026-09-02T12:00:00Z"
"DUMMY-2026-0206","presentation_demo_user","30s","unspecified","2026-07-05","162","東京ガス サンプル","VISA","VISA","光熱費","expense","DUMMY-BATCH-202607","2026-09-02T12:00:00Z"
"DUMMY-2026-0187","presentation_demo_user","30s","unspecified","2026-07-06","450","サンプルサービスG","PayPay","PayPay","その他","expense","DUMMY-BATCH-202607","2026-09-02T12:00:00Z"
"DUMMY-2026-0209","presentation_demo_user","30s","unspecified","2026-07-06","99","サンプル家賃","JCB","JCB","住居費","expense","DUMMY-BATCH-202607","2026-09-02T12:00:00Z"
"DUMMY-2026-0182","presentation_demo_user","30s","unspecified","2026-07-07","450","サンプルサービスB","JCB","JCB","その他","expense","DUMMY-BATCH-202607","2026-09-02T12:00:00Z"
"DUMMY-2026-0193","presentation_demo_user","30s","unspecified","2026-07-08","1638","Amazon サンプル購入","JCB","JCB","ネットでの購入","expense","DUMMY-BATCH-202607","2026-09-02T12:00:00Z"
"DUMMY-2026-0208","presentation_demo_user","30s","unspecified","2026-07-08","144","NTT サンプル","VISA","VISA","通信費","expense","DUMMY-BATCH-202607","2026-09-02T12:00:00Z"
"DUMMY-2026-0190","presentation_demo_user","30s","unspecified","2026-07-10","1580","セブンイレブン サンプル店","PayPay","PayPay","食費","expense","DUMMY-BATCH-202607","2026-09-02T12:00:00Z"
"DUMMY-2026-0188","presentation_demo_user","30s","unspecified","2026-07-11","450","サンプルサービスH","JCB","JCB","その他","expense","DUMMY-BATCH-202607","2026-09-02T12:00:00Z"
"DUMMY-2026-0195","presentation_demo_user","30s","unspecified","2026-07-11","972","マツモトキヨシ サンプル店","PayPay","PayPay","日用品","expense","DUMMY-BATCH-202607","2026-09-02T12:00:00Z"
"DUMMY-2026-0210","presentation_demo_user","30s","unspecified","2026-07-11","99","サンプル住宅ローン","VISA","VISA","住居費","expense","DUMMY-BATCH-202607","2026-09-02T12:00:00Z"
"DUMMY-2026-0183","presentation_demo_user","30s","unspecified","2026-07-12","450","サンプルサービスC","VISA","VISA","その他","expense","DUMMY-BATCH-202607","2026-09-02T12:00:00Z"
"DUMMY-2026-0194","presentation_demo_user","30s","unspecified","2026-07-13","1638","楽天市場 サンプル購入","VISA","VISA","ネットでの購入","expense","DUMMY-BATCH-202607","2026-09-02T12:00:00Z"
"DUMMY-2026-0197","presentation_demo_user","30s","unspecified","2026-07-14","585","ユニクロ サンプル店","JCB","JCB","衣服費","expense","DUMMY-BATCH-202607","2026-09-02T12:00:00Z"
"DUMMY-2026-0191","presentation_demo_user","30s","unspecified","2026-07-15","1579","スターバックス サンプル店","JCB","JCB","食費","expense","DUMMY-BATCH-202607","2026-09-02T12:00:00Z"
"DUMMY-2026-0196","presentation_demo_user","30s","unspecified","2026-07-16","972","ニトリ サンプル店","JCB","JCB","日用品","expense","DUMMY-BATCH-202607","2026-09-02T12:00:00Z"
"DUMMY-2026-0184","presentation_demo_user","30s","unspecified","2026-07-17","450","サンプルサービスD","PayPay","PayPay","その他","expense","DUMMY-BATCH-202607","2026-09-02T12:00:00Z"
"DUMMY-2026-0199","presentation_demo_user","30s","unspecified","2026-07-17","180","TOHOシネマズ サンプル","JCB","JCB","娯楽","expense","DUMMY-BATCH-202607","2026-09-02T12:00:00Z"
"DUMMY-2026-0198","presentation_demo_user","30s","unspecified","2026-07-19","585","ABC-MART サンプル店","VISA","VISA","衣服費","expense","DUMMY-BATCH-202607","2026-09-02T12:00:00Z"
"DUMMY-2026-0192","presentation_demo_user","30s","unspecified","2026-07-20","1579","サイゼリヤ サンプル店","VISA","VISA","食費","expense","DUMMY-BATCH-202607","2026-09-02T12:00:00Z"
"DUMMY-2026-0201","presentation_demo_user","30s","unspecified","2026-07-20","180","さくら歯科 サンプル","PayPay","PayPay","医療費","expense","DUMMY-BATCH-202607","2026-09-02T12:00:00Z"
"DUMMY-2026-0185","presentation_demo_user","30s","unspecified","2026-07-22","450","サンプルサービスE","JCB","JCB","その他","expense","DUMMY-BATCH-202607","2026-09-02T12:00:00Z"
"DUMMY-2026-0200","presentation_demo_user","30s","unspecified","2026-07-22","180","Netflix サンプル","VISA","VISA","娯楽","expense","DUMMY-BATCH-202607","2026-09-02T12:00:00Z"
"DUMMY-2026-0203","presentation_demo_user","30s","unspecified","2026-07-23","81","JR東日本 サンプル","PayPay","PayPay","交通費","expense","DUMMY-BATCH-202607","2026-09-02T12:00:00Z"
"DUMMY-2026-0202","presentation_demo_user","30s","unspecified","2026-07-25","180","みどりクリニック サンプル","JCB","JCB","医療費","expense","DUMMY-BATCH-202607","2026-09-02T12:00:00Z"
"DUMMY-2026-0205","presentation_demo_user","30s","unspecified","2026-07-26","162","東京電力 サンプル","JCB","JCB","光熱費","expense","DUMMY-BATCH-202607","2026-09-02T12:00:00Z"
"DUMMY-2026-0186","presentation_demo_user","30s","unspecified","2026-07-27","450","サンプルサービスF","VISA","VISA","その他","expense","DUMMY-BATCH-202607","2026-09-02T12:00:00Z"
"DUMMY-2026-0211","presentation_demo_user","30s","unspecified","2026-08-02","475","サンプルサービスA","PayPay","PayPay","その他","expense","DUMMY-BATCH-202608","2026-09-02T12:00:00Z"
"DUMMY-2026-0234","presentation_demo_user","30s","unspecified","2026-08-02","85","ENEOS サンプル店","VISA","VISA","交通費","expense","DUMMY-BATCH-202608","2026-09-02T12:00:00Z"
"DUMMY-2026-0237","presentation_demo_user","30s","unspecified","2026-08-03","152","docomo サンプル","JCB","JCB","通信費","expense","DUMMY-BATCH-202608","2026-09-02T12:00:00Z"
"DUMMY-2026-0219","presentation_demo_user","30s","unspecified","2026-08-05","1668","イオン サンプル店","PayPay","PayPay","食費","expense","DUMMY-BATCH-202608","2026-09-02T12:00:00Z"
"DUMMY-2026-0236","presentation_demo_user","30s","unspecified","2026-08-05","171","東京ガス サンプル","VISA","VISA","光熱費","expense","DUMMY-BATCH-202608","2026-09-02T12:00:00Z"
"DUMMY-2026-0217","presentation_demo_user","30s","unspecified","2026-08-06","475","サンプルサービスG","PayPay","PayPay","その他","expense","DUMMY-BATCH-202608","2026-09-02T12:00:00Z"
"DUMMY-2026-0239","presentation_demo_user","30s","unspecified","2026-08-06","105","サンプル家賃","JCB","JCB","住居費","expense","DUMMY-BATCH-202608","2026-09-02T12:00:00Z"
"DUMMY-2026-0212","presentation_demo_user","30s","unspecified","2026-08-07","475","サンプルサービスB","JCB","JCB","その他","expense","DUMMY-BATCH-202608","2026-09-02T12:00:00Z"
"DUMMY-2026-0223","presentation_demo_user","30s","unspecified","2026-08-08","1729","Amazon サンプル購入","JCB","JCB","ネットでの購入","expense","DUMMY-BATCH-202608","2026-09-02T12:00:00Z"
"DUMMY-2026-0238","presentation_demo_user","30s","unspecified","2026-08-08","152","NTT サンプル","VISA","VISA","通信費","expense","DUMMY-BATCH-202608","2026-09-02T12:00:00Z"
"DUMMY-2026-0220","presentation_demo_user","30s","unspecified","2026-08-10","1667","セブンイレブン サンプル店","PayPay","PayPay","食費","expense","DUMMY-BATCH-202608","2026-09-02T12:00:00Z"
"DUMMY-2026-0218","presentation_demo_user","30s","unspecified","2026-08-11","475","サンプルサービスH","JCB","JCB","その他","expense","DUMMY-BATCH-202608","2026-09-02T12:00:00Z"
"DUMMY-2026-0225","presentation_demo_user","30s","unspecified","2026-08-11","1026","マツモトキヨシ サンプル店","PayPay","PayPay","日用品","expense","DUMMY-BATCH-202608","2026-09-02T12:00:00Z"
"DUMMY-2026-0240","presentation_demo_user","30s","unspecified","2026-08-11","104","サンプル住宅ローン","VISA","VISA","住居費","expense","DUMMY-BATCH-202608","2026-09-02T12:00:00Z"
"DUMMY-2026-0213","presentation_demo_user","30s","unspecified","2026-08-12","475","サンプルサービスC","VISA","VISA","その他","expense","DUMMY-BATCH-202608","2026-09-02T12:00:00Z"
"DUMMY-2026-0224","presentation_demo_user","30s","unspecified","2026-08-13","1729","楽天市場 サンプル購入","VISA","VISA","ネットでの購入","expense","DUMMY-BATCH-202608","2026-09-02T12:00:00Z"
"DUMMY-2026-0227","presentation_demo_user","30s","unspecified","2026-08-14","618","ユニクロ サンプル店","JCB","JCB","衣服費","expense","DUMMY-BATCH-202608","2026-09-02T12:00:00Z"
"DUMMY-2026-0221","presentation_demo_user","30s","unspecified","2026-08-15","1667","スターバックス サンプル店","JCB","JCB","食費","expense","DUMMY-BATCH-202608","2026-09-02T12:00:00Z"
"DUMMY-2026-0226","presentation_demo_user","30s","unspecified","2026-08-16","1026","ニトリ サンプル店","JCB","JCB","日用品","expense","DUMMY-BATCH-202608","2026-09-02T12:00:00Z"
"DUMMY-2026-0214","presentation_demo_user","30s","unspecified","2026-08-17","475","サンプルサービスD","PayPay","PayPay","その他","expense","DUMMY-BATCH-202608","2026-09-02T12:00:00Z"
"DUMMY-2026-0229","presentation_demo_user","30s","unspecified","2026-08-17","190","TOHOシネマズ サンプル","JCB","JCB","娯楽","expense","DUMMY-BATCH-202608","2026-09-02T12:00:00Z"
"DUMMY-2026-0228","presentation_demo_user","30s","unspecified","2026-08-19","617","ABC-MART サンプル店","VISA","VISA","衣服費","expense","DUMMY-BATCH-202608","2026-09-02T12:00:00Z"
"DUMMY-2026-0222","presentation_demo_user","30s","unspecified","2026-08-20","1667","サイゼリヤ サンプル店","VISA","VISA","食費","expense","DUMMY-BATCH-202608","2026-09-02T12:00:00Z"
"DUMMY-2026-0231","presentation_demo_user","30s","unspecified","2026-08-20","190","さくら歯科 サンプル","PayPay","PayPay","医療費","expense","DUMMY-BATCH-202608","2026-09-02T12:00:00Z"
"DUMMY-2026-0215","presentation_demo_user","30s","unspecified","2026-08-22","475","サンプルサービスE","JCB","JCB","その他","expense","DUMMY-BATCH-202608","2026-09-02T12:00:00Z"
"DUMMY-2026-0230","presentation_demo_user","30s","unspecified","2026-08-22","190","Netflix サンプル","VISA","VISA","娯楽","expense","DUMMY-BATCH-202608","2026-09-02T12:00:00Z"
"DUMMY-2026-0233","presentation_demo_user","30s","unspecified","2026-08-23","86","JR東日本 サンプル","PayPay","PayPay","交通費","expense","DUMMY-BATCH-202608","2026-09-02T12:00:00Z"
"DUMMY-2026-0232","presentation_demo_user","30s","unspecified","2026-08-25","190","みどりクリニック サンプル","JCB","JCB","医療費","expense","DUMMY-BATCH-202608","2026-09-02T12:00:00Z"
"DUMMY-2026-0235","presentation_demo_user","30s","unspecified","2026-08-26","171","東京電力 サンプル","JCB","JCB","光熱費","expense","DUMMY-BATCH-202608","2026-09-02T12:00:00Z"
"DUMMY-2026-0216","presentation_demo_user","30s","unspecified","2026-08-27","475","サンプルサービスF","VISA","VISA","その他","expense","DUMMY-BATCH-202608","2026-09-02T12:00:00Z"
"DUMMY-2026-0241","presentation_demo_user","30s","unspecified","2026-09-01","350","サンプルサービスA","PayPay","PayPay","その他","expense","DUMMY-BATCH-202609","2026-09-02T12:00:00Z"
"DUMMY-2026-0243","presentation_demo_user","30s","unspecified","2026-09-01","350","サンプルサービスC","VISA","VISA","その他","expense","DUMMY-BATCH-202609","2026-09-02T12:00:00Z"
"DUMMY-2026-0245","presentation_demo_user","30s","unspecified","2026-09-01","350","サンプルサービスE","JCB","JCB","その他","expense","DUMMY-BATCH-202609","2026-09-02T12:00:00Z"
"DUMMY-2026-0247","presentation_demo_user","30s","unspecified","2026-09-01","350","サンプルサービスG","PayPay","PayPay","その他","expense","DUMMY-BATCH-202609","2026-09-02T12:00:00Z"
"DUMMY-2026-0250","presentation_demo_user","30s","unspecified","2026-09-01","1229","セブンイレブン サンプル店","PayPay","PayPay","食費","expense","DUMMY-BATCH-202609","2026-09-02T12:00:00Z"
"DUMMY-2026-0252","presentation_demo_user","30s","unspecified","2026-09-01","1228","サイゼリヤ サンプル店","VISA","VISA","食費","expense","DUMMY-BATCH-202609","2026-09-02T12:00:00Z"
"DUMMY-2026-0253","presentation_demo_user","30s","unspecified","2026-09-01","1274","Amazon サンプル購入","JCB","JCB","ネットでの購入","expense","DUMMY-BATCH-202609","2026-09-02T12:00:00Z"
"DUMMY-2026-0256","presentation_demo_user","30s","unspecified","2026-09-01","756","ニトリ サンプル店","JCB","JCB","日用品","expense","DUMMY-BATCH-202609","2026-09-02T12:00:00Z"
"DUMMY-2026-0257","presentation_demo_user","30s","unspecified","2026-09-01","455","ユニクロ サンプル店","JCB","JCB","衣服費","expense","DUMMY-BATCH-202609","2026-09-02T12:00:00Z"
"DUMMY-2026-0260","presentation_demo_user","30s","unspecified","2026-09-01","140","Netflix サンプル","VISA","VISA","娯楽","expense","DUMMY-BATCH-202609","2026-09-02T12:00:00Z"
"DUMMY-2026-0261","presentation_demo_user","30s","unspecified","2026-09-01","140","さくら歯科 サンプル","PayPay","PayPay","医療費","expense","DUMMY-BATCH-202609","2026-09-02T12:00:00Z"
"DUMMY-2026-0264","presentation_demo_user","30s","unspecified","2026-09-01","63","ENEOS サンプル店","VISA","VISA","交通費","expense","DUMMY-BATCH-202609","2026-09-02T12:00:00Z"
"DUMMY-2026-0265","presentation_demo_user","30s","unspecified","2026-09-01","126","東京電力 サンプル","JCB","JCB","光熱費","expense","DUMMY-BATCH-202609","2026-09-02T12:00:00Z"
"DUMMY-2026-0268","presentation_demo_user","30s","unspecified","2026-09-01","112","NTT サンプル","VISA","VISA","通信費","expense","DUMMY-BATCH-202609","2026-09-02T12:00:00Z"
"DUMMY-2026-0269","presentation_demo_user","30s","unspecified","2026-09-01","77","サンプル家賃","JCB","JCB","住居費","expense","DUMMY-BATCH-202609","2026-09-02T12:00:00Z"
"DUMMY-2026-0242","presentation_demo_user","30s","unspecified","2026-09-02","350","サンプルサービスB","JCB","JCB","その他","expense","DUMMY-BATCH-202609","2026-09-02T12:00:00Z"
"DUMMY-2026-0244","presentation_demo_user","30s","unspecified","2026-09-02","350","サンプルサービスD","PayPay","PayPay","その他","expense","DUMMY-BATCH-202609","2026-09-02T12:00:00Z"
"DUMMY-2026-0246","presentation_demo_user","30s","unspecified","2026-09-02","350","サンプルサービスF","VISA","VISA","その他","expense","DUMMY-BATCH-202609","2026-09-02T12:00:00Z"
"DUMMY-2026-0248","presentation_demo_user","30s","unspecified","2026-09-02","350","サンプルサービスH","JCB","JCB","その他","expense","DUMMY-BATCH-202609","2026-09-02T12:00:00Z"
"DUMMY-2026-0249","presentation_demo_user","30s","unspecified","2026-09-02","1229","イオン サンプル店","PayPay","PayPay","食費","expense","DUMMY-BATCH-202609","2026-09-02T12:00:00Z"
"DUMMY-2026-0251","presentation_demo_user","30s","unspecified","2026-09-02","1228","スターバックス サンプル店","JCB","JCB","食費","expense","DUMMY-BATCH-202609","2026-09-02T12:00:00Z"
"DUMMY-2026-0254","presentation_demo_user","30s","unspecified","2026-09-02","1274","楽天市場 サンプル購入","VISA","VISA","ネットでの購入","expense","DUMMY-BATCH-202609","2026-09-02T12:00:00Z"
"DUMMY-2026-0255","presentation_demo_user","30s","unspecified","2026-09-02","756","マツモトキヨシ サンプル店","PayPay","PayPay","日用品","expense","DUMMY-BATCH-202609","2026-09-02T12:00:00Z"
"DUMMY-2026-0258","presentation_demo_user","30s","unspecified","2026-09-02","455","ABC-MART サンプル店","VISA","VISA","衣服費","expense","DUMMY-BATCH-202609","2026-09-02T12:00:00Z"
"DUMMY-2026-0259","presentation_demo_user","30s","unspecified","2026-09-02","140","TOHOシネマズ サンプル","JCB","JCB","娯楽","expense","DUMMY-BATCH-202609","2026-09-02T12:00:00Z"
"DUMMY-2026-0262","presentation_demo_user","30s","unspecified","2026-09-02","140","みどりクリニック サンプル","JCB","JCB","医療費","expense","DUMMY-BATCH-202609","2026-09-02T12:00:00Z"
"DUMMY-2026-0263","presentation_demo_user","30s","unspecified","2026-09-02","63","JR東日本 サンプル","PayPay","PayPay","交通費","expense","DUMMY-BATCH-202609","2026-09-02T12:00:00Z"
"DUMMY-2026-0266","presentation_demo_user","30s","unspecified","2026-09-02","126","東京ガス サンプル","VISA","VISA","光熱費","expense","DUMMY-BATCH-202609","2026-09-02T12:00:00Z"
"DUMMY-2026-0267","presentation_demo_user","30s","unspecified","2026-09-02","112","docomo サンプル","JCB","JCB","通信費","expense","DUMMY-BATCH-202609","2026-09-02T12:00:00Z"
"DUMMY-2026-0270","presentation_demo_user","30s","unspecified","2026-09-02","77","サンプル住宅ローン","VISA","VISA","住居費","expense","DUMMY-BATCH-202609","2026-09-02T12:00:00Z"
