"","","今回のお支払日","2026/06/10"
"","","今回のお支払金額合計(￥)","11,029"
"",""," うち国内ご利用金額合計(￥)","11,029"
"",""," うち海外ご利用金額合計(￥)","0"
"【ご利用明細】"
"ご利用者","カテゴリ","ご利用日","ご利用先など","ご利用金額(￥)","支払区分","今回回数","訂正サイン","お支払い金額(￥)","国内／海外","摘要","備考"
"****-****-****-1041　【ＯＳ】ＪＣＢカードＷ　ＮＬ　村田　悠月　様","≪ショッピング取組（国内）≫"," 2026/04/23","モバイルＰＡＳＭＯチャージ","1,000","１回","","","1,000","国内","",""
"****-****-****-1041　【ＯＳ】ＪＣＢカードＷ　ＮＬ　村田　悠月　様","≪ショッピング取組（国内）≫"," 2026/04/24","ヴァロラントショップ","2,440","１回","","","2,440","国内","","* 2"
"****-****-****-1041　【ＯＳ】ＪＣＢカードＷ　ＮＬ　村田　悠月　様","≪ショッピング取組（国内）≫"," 2026/05/02","リーグ　オブ　レジェンド","1,600","１回","","","1,600","国内","","* 2"
"****-****-****-1041　【ＯＳ】ＪＣＢカードＷ　ＮＬ　村田　悠月　様","≪ショッピング取組（国内）≫"," 2026/05/07","リーグ　オブ　レジェンド","1,600","１回","","","1,600","国内","","* 2"
"****-****-****-1041　【ＯＳ】ＪＣＢカードＷ　ＮＬ　村田　悠月　様","≪ショッピング取組（国内）≫"," 2026/05/08","モバイルＰＡＳＭＯチャージ","2,000","１回","","","2,000","国内","",""
"****-****-****-1041　【ＯＳ】ＪＣＢカードＷ　ＮＬ　村田　悠月　様","≪ショッピング取組（国内）≫"," 2026/05/14","Ａｍａｚｏｎ　Ｍａｒｋｅｔ　Ｐｌａｃｅ","2,389","１回","","","2,389","国内","","* 2"
