取引日,出金金額（円）,入金金額（円）,海外出金金額,通貨,変換レート（円）,利用国,取引内容,取引先,取引方法,支払い区分,利用者,取引番号
2026/07/08 06:50:22,-,"1,000",-,-,-,JP,受け取った金額,ジユンコ,PayPay残高,-,-,02308082968474451970
2026/07/07 15:41:04,590,-,-,-,-,-,支払い,Google,PayPay残高,-,-,05018762606780891136
2026/07/07 12:44:32,"18,500",-,-,-,-,-,支払い,VERARUS,PayPay残高,-,-,05018671613603495941
2026/07/07 12:44:17,-,"20,000",-,-,-,-,チャージ,PayPay,横浜銀行 *****13,-,-,02307523205387845648
2026/07/04 21:39:47,"6,058",-,-,-,-,-,支払い,富士薬品グループ - ドラッグセイムス愛甲石田店,PayPay残高,-,-,05016720976895795202
2026/07/04 17:43:04,-,"2,000",-,-,-,JP,受け取った金額,ジユンコ,PayPay残高,-,-,02305450686099226649
2026/07/04 16:32:54,-,"4,000",-,-,-,JP,受け取った金額,ジユンコ,PayPay残高,-,-,02305414531063635970
2026/07/04 09:48:12,950,-,-,-,-,-,支払い,妖怪ウォッチ ぷにぷに,PayPay残高,-,-,05016354221048692743
2026/07/04 09:47:50,"6,170",-,-,-,-,-,支払い,妖怪ウォッチ ぷにぷに,PayPay残高,-,-,05016354040659173380
2026/07/04 09:47:37,-,"5,000",-,-,-,-,チャージ,PayPay,横浜銀行 *****13,-,-,02305205641034924048
2026/07/03 21:42:45,"8,358",-,-,-,-,-,支払い,しゃぶ葉 - しゃぶ葉横浜駅西口店,PayPay残高,-,-,05015980335554854912
2026/07/03 21:34:15,-,"10,000",-,-,-,-,チャージ,PayPay,横浜銀行 *****13,-,-,02304827666731712543
2026/07/02 17:54:11,106,-,-,-,-,-,支払い,マルエツ - 愛甲石田店,PayPay残高,-,-,05015120354253209606
2026/07/01 12:55:13,248,-,-,-,-,-,支払い,ファミリーマート - 新宿三丁目,PayPay残高,-,-,05014224106247192576
2026/07/01 12:26:42,"2,000",-,-,-,-,-,支払い,凪スピリッツジャパン - すごい煮干ラーメン凪新宿ゴールデン街店本館,PayPay残高,-,-,05014209408869072896
2026/07/01 06:35:03,-,"1,000",-,-,-,JP,受け取った金額,ジユンコ,PayPay残高,-,-,02302879890473287680
2026/07/01 03:02:07,"1,500",-,-,-,-,-,期間限定ポイントの期限切れ,-,PayPayポイント,-,-,04368045760925573167
2026/06/30 15:18:31,-,"2,000",-,-,-,JP,受け取った金額,ジユンコ,PayPay残高,-,-,02302407512789925888
2026/06/30 12:36:44,"1,095",-,-,-,-,-,支払い,セブン-イレブン - 片柳学園,PayPay残高,-,-,05013472401071398916
2026/06/30 12:34:26,-,200,-,-,-,JP,受け取った金額,S,PayPay残高,-,-,02302322936294907915
2026/06/27 21:33:44,"2,849",-,-,-,-,-,支払い,富士薬品グループ - ドラッグセイムス愛甲石田店,PayPay残高,-,-,05011522666305699840
2026/06/27 19:03:46,-,"4,000",-,-,-,JP,受け取った金額,ジユンコ,PayPay残高,-,-,02300297094710583296
2026/06/27 16:54:21,"9,499",-,-,-,-,-,支払い,Amazon.co.jp,PayPay残高,-,-,05011378673233035268
2026/06/27 16:53:33,-,"3,000",-,-,-,-,チャージ,PayPay,横浜銀行 *****13,-,-,02300229972961755152
2026/06/27 00:37:58,-,"5,000",-,-,-,-,チャージ,PayPay,横浜銀行 *****13,-,-,02299727161139429380
2026/06/26 17:22:50,"1,469",-,-,-,-,-,支払い,よろずや - 石田店,PayPay残高,-,-,05010651174491987970
2026/06/26 17:18:59,-,"1,500",-,-,-,JP,受け取った金額,ジユンコ,PayPay残高,-,-,02299500910853070858
2026/06/26 15:27:08,500,-,-,-,-,-,支払い,日本工学院,PayPay残高,-,-,05010591543166623748
2026/06/26 10:35:38,429,-,-,-,-,-,支払い,セブン-イレブン - 片柳学園,PayPay残高,-,-,05010441313800724481
2026/06/26 09:52:23,"5,445",-,-,-,-,-,支払い,ＬｏｅーＣＥＬＬＡＲー - ＬｏｅーＣＥＬＬＡＲー,PayPay残高,-,-,05010419014330351622
2026/06/25 17:17:43,390,-,-,-,-,-,支払い,ローソン - 伊勢原東成瀬西,PayPay残高,-,-,05009906367032918023
2026/06/25 08:50:05,267,-,-,-,-,-,支払い,Amazon Downloads,PayPay残高,-,-,05009644743395196929
2026/06/25 07:57:49,"5,171",-,-,-,-,-,支払い,Amazon.co.jp,PayPay残高,-,-,05009617796770299905
2026/06/25 07:56:59,-,"10,000",-,-,-,-,チャージ,PayPay,横浜銀行 *****13,-,-,02298469087909060617
2026/06/23 13:06:53,-,600,-,-,-,JP,受け取った金額,まつもと,PayPay残高,-,-,02297144468455636996
2026/06/23 13:01:29,"1,137",-,-,-,-,-,支払い,セブン-イレブン - 片柳学園,PayPay残高,-,-,05008289964681412613
2026/06/23 08:13:31,-,"1,000",-,-,-,JP,受け取った金額,ジユンコ,PayPay残高,-,-,02296993268427145220
2026/06/21 21:36:20,832,-,-,-,-,-,支払い,富士薬品グループ - ドラッグセイムス愛甲石田店,PayPay残高,-,-,05007070975653093380
2026/06/20 21:50:52,"1,650",-,-,-,-,-,支払い,マルエツ - 愛甲石田店,PayPay残高,-,-,05006336304316989441
2026/06/20 07:10:37,780,-,-,-,-,-,支払い,Google,PayPay残高,-,-,05005882626922373120
2026/06/19 22:48:43,"2,800",-,-,-,-,-,支払い,Steam,PayPay残高,-,-,05005623949631987713
2026/06/19 16:54:38,"1,320",-,-,-,-,-,支払い,まねきねこ - まねきねこ　愛甲石田店,PayPay残高,-,-,05005441456471187457
2026/06/19 13:15:41,-,"1,400",-,-,-,JP,受け取った金額,まつもと,PayPay残高,-,-,02294180322546180112
2026/06/19 13:15:35,-,880,-,-,-,JP,受け取った金額,そ,PayPay残高,-,-,02294180271006703621
2026/06/19 13:15:21,-,"1,250",-,-,-,JP,受け取った金額,たける,PayPay残高,-,-,02294180159337308171
2026/06/19 06:51:34,-,"6,000",-,-,-,JP,受け取った金額,ジユンコ,PayPay残高,-,-,02293982350323605512
2026/06/18 17:20:57,678,-,-,-,-,-,支払い,ローソン - 伊勢原東成瀬西,PayPay残高,-,-,05004712849628848133
2026/06/18 12:51:46,"1,248",-,-,-,-,-,支払い,セブン-イレブン - 片柳学園,PayPay残高,-,-,05004574105005359117
2026/06/18 12:50:19,-,200,-,-,-,JP,受け取った金額,まつもと,PayPay残高,-,-,02293425086906589188
2026/06/16 21:35:26,632,-,-,-,-,-,支払い,Steam,PayPay残高,-,-,05003359668642455552
2026/06/15 21:16:48,"4,620",-,-,-,-,-,支払い,ZOZOTOWN,PayPay残高,-,-,05002607894744137728
2026/06/15 21:16:25,-,"5,000",-,-,-,-,チャージ,PayPay,横浜銀行 *****13,-,-,02291459409223131145
2026/06/15 21:14:53,-,"4,000",-,-,-,JP,受け取った金額,ジユンコ,PayPay残高,-,-,02291458618948534281
2026/06/13 21:40:53,"6,821",-,-,-,-,-,支払い,富士薬品グループ - ドラッグセイムス愛甲石田店,PayPay残高,-,-,05001135966502117377
2026/06/13 21:01:44,-,"2,000",-,-,-,JP,受け取った金額,ジユンコ,PayPay残高,-,-,02289967509382627329
2026/06/12 12:56:40,"1,309",-,-,-,-,-,支払い,イオンモール - イオンモール幕張新都心,PayPay残高,-,-,05000123608351268873
2026/06/11 18:38:15,"1,500",-,-,-,-,-,支払い,Steam,PayPay残高,-,-,04999557488711081989
2026/06/09 13:07:15,149,-,-,-,-,-,支払い,セブン-イレブン - 片柳学園,PayPay残高,-,-,04997902560503324674
2026/06/09 09:25:31,-,"1,000",-,-,-,JP,受け取った金額,ジユンコ,PayPay残高,-,-,02286640000648044544
2026/06/08 22:22:50,-,12,-,-,-,-,ポイント、残高の獲得,SHEIN,PayPayポイント,-,-,04997446727033413637
2026/06/08 22:22:50,"1,352",-,-,-,-,-,支払い,SHEIN,PayPay残高,-,-,04997446727033413637
2026/06/08 15:41:01,590,-,-,-,-,-,支払い,Google,PayPay残高,-,-,04997239640889524224
2026/06/08 15:41:01,-,4,-,-,-,-,ポイント、残高の獲得,Google,PayPayポイント,-,-,04997239640889524224
2026/06/06 21:41:27,450,-,-,-,-,-,支払い,富士薬品グループ - ドラッグセイムス愛甲石田店,PayPay残高,-,-,04995941057527824385
2026/06/06 21:41:26,-,4,-,-,-,-,ポイント、残高の獲得,富士薬品グループ,PayPayポイント,-,-,04995941057527824385
2026/06/06 18:21:29,-,"1,000",-,-,-,JP,受け取った金額,ジユンコ,PayPay残高,-,-,02284689716128612352
2026/06/05 22:51:35,650,-,-,-,-,-,支払い,Google,PayPay残高,-,-,04995235042213101569
2026/06/05 22:51:35,-,6,-,-,-,-,ポイント、残高の獲得,Google,PayPayポイント,-,-,04995235042213101569
2026/06/05 22:33:09,-,6,-,-,-,-,ポイント、残高の獲得,Google,PayPayポイント,-,-,04995225533155434496
2026/06/05 22:33:09,650,-,-,-,-,-,支払い,Google,PayPay残高,-,-,04995225533155434496
2026/06/05 17:28:49,650,-,-,-,-,-,支払い,Google,PayPay残高,-,-,04995068689540161537
2026/06/05 17:28:49,-,6,-,-,-,-,ポイント、残高の獲得,Google,PayPayポイント,-,-,04995068689540161537
2026/06/05 12:51:39,-,8,-,-,-,-,ポイント、残高の獲得,セブン-イレブン,PayPayポイント,-,-,04994925830338011149
2026/06/05 12:51:39,835,-,-,-,-,-,支払い,セブン-イレブン - 片柳学園,PayPay残高,-,-,04994925830338011149
2026/06/05 08:45:50,-,"1,000",-,-,-,JP,受け取った金額,ジユンコ,PayPay残高,-,-,02283650858028613635
2026/06/04 13:05:47,-,2,-,-,-,-,ポイント、残高の獲得,セブン-イレブン,PayPayポイント,-,-,04994190944253583368
2026/06/04 13:05:47,246,-,-,-,-,-,支払い,セブン-イレブン - 片柳学園,PayPay残高,-,-,04994190944253583368
2026/06/02 12:37:15,956,-,-,-,-,-,支払い,セブン-イレブン - 片柳学園,PayPay残高,-,-,04992691897588277259
2026/06/02 12:37:14,-,8,-,-,-,-,ポイント、残高の獲得,セブン-イレブン,PayPayポイント,-,-,04992691897588277259
2026/06/02 07:17:47,-,"1,000",-,-,-,JP,受け取った金額,ジユンコ,PayPay残高,-,-,02281378966355738624
2026/05/31 21:13:09,-,"1,000",-,-,-,JP,受け取った金額,ジユンコ,PayPay残高,-,-,02280325170359861261
2026/05/30 21:44:38,"3,431",-,-,-,-,-,支払い,富士薬品グループ - ドラッグセイムス愛甲石田店,PayPay残高,-,-,04990747514351288320
2026/05/30 21:44:38,-,17,-,-,-,-,ポイント、残高の獲得,富士薬品グループ,PayPayポイント,-,-,04990747514351288320
2026/05/30 21:40:54,-,"4,000",-,-,-,JP,受け取った金額,ジユンコ,PayPay残高,-,-,02279597302252208139
2026/05/29 21:06:28,"3,329",-,-,-,-,-,支払い,バーミヤン - バーミヤン藤沢駅南店,PayPay残高,-,-,04989985673053102080
2026/05/29 21:06:28,-,16,-,-,-,-,ポイント、残高の獲得,バーミヤン,PayPayポイント,-,-,04989985673053102080
2026/05/29 21:05:47,-,"10,000",-,-,-,-,チャージ,PayPay,横浜銀行 *****13,-,-,02278837032912871457
2026/05/29 17:54:11,550,-,-,-,-,-,支払い,LIERRE - リエール藤沢,PayPay残高,-,-,04989886570977476610
2026/05/29 12:49:44,"1,067",-,-,-,-,-,支払い,セブン-イレブン - 片柳学園,PayPay残高,-,-,04989729658641760256
2026/05/29 12:49:44,-,5,-,-,-,-,ポイント、残高の獲得,セブン-イレブン,PayPayポイント,-,-,04989729658641760256
2026/05/29 07:09:18,-,"1,000",-,-,-,JP,受け取った金額,ジユンコ,PayPay残高,-,-,02278405921274527746
2026/05/28 19:01:44,-,8,-,-,-,-,ポイント、残高の獲得,Amazon.co.jp,PayPayポイント,-,-,04989179207044276224
2026/05/28 19:01:43,"1,650",-,-,-,-,-,支払い,Amazon.co.jp,PayPay残高,-,-,04989179207044276224
2026/05/28 16:40:42,"11,301",-,-,-,-,-,支払い,ＬｏｅーＣＥＬＬＡＲー - ＬｏｅーＣＥＬＬＡＲー,PayPay残高,-,-,04989106527607054345
2026/05/28 16:40:42,-,56,-,-,-,-,ポイント、残高の獲得,ＬｏｅーＣＥＬＬＡＲー,PayPayポイント,-,-,04989106527607054345
2026/05/28 16:39:39,-,"10,000",-,-,-,-,チャージ,PayPay,横浜銀行 *****13,-,-,02277957707077615617
2026/05/28 15:14:23,-,"5,000",-,-,-,JP,受け取った金額,ジユンコ,PayPay残高,-,-,02277913752383176712
2026/05/28 13:13:43,750,-,-,-,-,-,支払い,Baran - 移動販売1,PayPay残高,-,-,04988999840619806726
2026/05/28 13:13:42,-,150,-,-,-,-,ポイント、残高の獲得,Baran,PayPayポイント,-,-,04988999840619806726
2026/05/28 11:21:52,180,-,-,-,-,-,支払い,ヤマザキショップ - Yショップ東京工科大学店,PayPay残高,-,-,04988942193568227329
2026/05/28 11:20:29,149,-,-,-,-,-,支払い,ヤマザキショップ - Yショップ東京工科大学店,PayPay残高,-,-,04988941489193852928
2026/05/26 18:51:52,-,17,-,-,-,-,ポイント、残高の獲得,Amazon.co.jp,PayPayポイント,-,-,04987689781104492548
2026/05/26 18:51:51,"3,500",-,-,-,-,-,支払い,Amazon.co.jp,PayPay残高,-,-,04987689781104492548
2026/05/26 18:51:09,-,"5,000",-,-,-,-,チャージ,PayPay,横浜銀行 *****13,-,-,02276541140964417545
2026/05/24 22:44:47,160,-,-,-,-,-,支払い,Google,PayPay残高,-,-,04986325484740427777
2026/05/23 21:42:27,"2,782",-,-,-,-,-,支払い,富士薬品グループ - ドラッグセイムス愛甲石田店,PayPay残高,-,-,04985551196627050496
2026/05/23 21:42:27,-,13,-,-,-,-,ポイント、残高の獲得,富士薬品グループ,PayPayポイント,-,-,04985551196627050496
2026/05/23 20:12:52,-,"3,000",-,-,-,JP,受け取った金額,ジユンコ,PayPay残高,-,-,02274356737777459209
2026/05/22 13:58:42,"1,563",-,-,-,-,-,支払い,セブン-イレブン - 伊勢原石田,PayPay残高,-,-,04984570002758377476
2026/05/22 13:58:41,-,7,-,-,-,-,ポイント、残高の獲得,セブン-イレブン,PayPayポイント,-,-,04984570002758377476
2026/05/22 09:38:22,-,"1,000",-,-,-,JP,受け取った金額,ジユンコ,PayPay残高,-,-,02273287548618866691
2026/05/21 12:51:54,"1,272",-,-,-,-,-,支払い,セブン-イレブン - 片柳学園,PayPay残高,-,-,04983793412541202435
2026/05/21 12:51:54,-,6,-,-,-,-,ポイント、残高の獲得,セブン-イレブン,PayPayポイント,-,-,04983793412541202435
2026/05/21 08:01:40,-,"1,000",-,-,-,JP,受け取った金額,ジユンコ,PayPay残高,-,-,02272495539468779526
2026/05/21 07:10:35,780,-,-,-,-,-,支払い,Google,PayPay残高,-,-,04983617490682150912
2026/05/21 07:10:34,-,3,-,-,-,-,ポイント、残高の獲得,Google,PayPayポイント,-,-,04983617490682150912
2026/05/20 23:33:02,160,-,-,-,-,-,支払い,Google,PayPay残高,-,-,04983381671206404097
2026/05/20 23:32:20,160,-,-,-,-,-,支払い,Google,PayPay残高,-,-,04983381310429356035
2026/05/20 23:30:18,160,-,-,-,-,-,支払い,Google,PayPay残高,-,-,04983380262457491458
2026/05/20 21:40:28,160,-,-,-,-,-,支払い,Google,PayPay残高,-,-,04983323663377858560
2026/05/20 20:49:14,160,-,-,-,-,-,支払い,Google,PayPay残高,-,-,04983297249329487878
2026/05/19 20:42:31,160,-,-,-,-,-,支払い,Google,PayPay残高,-,-,04982551625826926596
2026/05/18 13:43:47,-,4,-,-,-,-,ポイント、残高の獲得,ファミリーマート,PayPayポイント,-,-,04981593633371906065
2026/05/18 13:43:47,894,-,-,-,-,-,支払い,ファミリーマート - 愛甲石田駅前,PayPay残高,-,-,04981593633371906065
2026/05/16 21:38:55,"2,641",-,-,-,-,-,支払い,富士薬品グループ - ドラッグセイムス愛甲石田店,PayPay残高,-,-,04980354183119167488
2026/05/16 21:38:55,-,13,-,-,-,-,ポイント、残高の獲得,富士薬品グループ,PayPayポイント,-,-,04980354183119167488
2026/05/15 17:57:36,-,9,-,-,-,-,ポイント、残高の獲得,マルエツ,PayPayポイント,-,-,04979497938439086081
2026/05/15 17:57:36,"1,835",-,-,-,-,-,支払い,マルエツ - 愛甲石田店,PayPay残高,-,-,04979497938439086081
2026/05/15 12:55:22,-,4,-,-,-,-,ポイント、残高の獲得,吉野家,PayPayポイント,-,-,04979342168564989961
2026/05/15 12:55:22,833,-,-,-,-,-,支払い,吉野家 - 東京工科大学店,PayPay残高,-,-,04979342168564989961
2026/05/15 09:49:26,-,294,-,-,-,-,ポイント、残高の獲得,Amazon.co.jp,PayPayポイント,-,-,04979246339254804483
2026/05/15 09:49:25,"58,983",-,-,-,-,-,支払い,Amazon.co.jp,PayPay残高,-,-,04979246339254804483
2026/05/15 09:45:12,-,"1,000",-,-,-,JP,受け取った金額,ジユンコ,PayPay残高,-,-,02268095886639636480
2026/05/15 09:32:46,-,"60,000",-,-,-,-,チャージ,PayPay,横浜銀行 *****13,-,-,02268089469958799365
2026/05/15 07:08:15,-,"5,000",-,-,-,JP,受け取った金額,ジユンコ,PayPay残高,-,-,02268014986635739148
2026/05/14 17:30:10,-,1,-,-,-,-,ポイント、残高の獲得,セブン-イレブン,PayPayポイント,-,-,04978741629058310149
2026/05/14 17:30:10,340,-,-,-,-,-,支払い,セブン-イレブン - 厚木愛甲東,PayPay残高,-,-,04978741629058310149
2026/05/14 11:57:12,-,10,-,-,-,-,ポイント、残高の獲得,Amazon Downloads,PayPayポイント,-,-,04978570010754572293
2026/05/14 11:57:10,"2,178",-,-,-,-,-,支払い,Amazon Downloads,PayPay残高,-,-,04978570010754572293
2026/05/12 20:50:27,160,-,-,-,-,-,支払い,Google,PayPay残高,-,-,04977360513603797000
2026/05/12 20:28:18,650,-,-,-,-,-,支払い,Google,PayPay残高,-,-,04977349106167603200
2026/05/12 20:28:18,-,3,-,-,-,-,ポイント、残高の獲得,Google,PayPayポイント,-,-,04977349106167603200
2026/05/12 15:45:40,-,"1,500",-,-,-,-,ポイント、残高の獲得,Yahoo!ショッピング,PayPayポイント,-,-,lp-102895974642327552-c_c58a0c7f-4db6-457f-972b-64d993c66d06_sppf
2026/05/10 21:33:19,"4,150",-,-,-,-,-,支払い,富士薬品グループ - ドラッグセイムス愛甲石田店,PayPay残高,-,-,04975898274805186563
2026/05/10 21:33:19,-,20,-,-,-,-,ポイント、残高の獲得,富士薬品グループ,PayPayポイント,-,-,04975898274805186563
2026/05/10 19:26:36,-,"5,000",-,-,-,JP,受け取った金額,ジユンコ,PayPay残高,-,-,02264684677581709325
2026/05/09 14:46:47,127,-,-,-,-,-,支払い,デイリーヤマザキ - 横浜駅前,PayPay残高,-,-,04974946578774343680
2026/05/09 13:31:25,-,14,-,-,-,-,ポイント、残高の獲得,ZOZOTOWN,PayPayポイント,-,-,04973468319747375108
2026/05/09 09:39:49,226,-,-,-,-,-,支払い,ファミリーマート - 相鉄海老名駅,PayPay残高,-,-,04974788369356316675
2026/05/09 09:39:49,-,1,-,-,-,-,ポイント、残高の獲得,ファミリーマート,PayPayポイント,-,-,04974788369356316675
2026/05/08 13:12:54,165,-,-,-,-,-,支払い,セブン-イレブン - 片柳学園,PayPay残高,-,-,04974156021321097218
2026/05/08 13:03:38,-,450,-,-,-,JP,受け取った金額,tomsdayo,PayPay残高,-,-,02263002957369196544
2026/05/08 12:52:43,419,-,-,-,-,-,支払い,セブン-イレブン - 片柳学園,PayPay残高,-,-,04974145618910314498
2026/05/08 12:52:43,-,2,-,-,-,-,ポイント、残高の獲得,セブン-イレブン,PayPayポイント,-,-,04974145618910314498
2026/05/08 12:52:32,"1,368",-,-,-,-,-,支払い,セブン-イレブン - 片柳学園,PayPay残高,-,-,04974145524421541894
2026/05/08 12:52:32,-,6,-,-,-,-,ポイント、残高の獲得,セブン-イレブン,PayPayポイント,-,-,04974145524421541894
2026/05/08 09:58:58,-,"1,000",-,-,-,JP,受け取った金額,ジユンコ,PayPay残高,-,-,02262907780891836416
2026/05/07 17:03:50,-,3,-,-,-,-,ポイント、残高の獲得,Google,PayPayポイント,-,-,04973532864516628488
2026/05/07 17:03:50,650,-,-,-,-,-,支払い,Google,PayPay残高,-,-,04973532864516628488
2026/05/07 14:58:35,"2,828",-,-,-,-,-,支払い,ZOZOTOWN,PayPay残高,-,-,04973468319747375108
2026/05/07 00:14:17,650,-,-,-,-,-,支払い,Google,PayPay残高,-,-,04973012555000422400
2026/05/07 00:14:17,-,3,-,-,-,-,ポイント、残高の獲得,Google,PayPayポイント,-,-,04973012555000422400
2026/05/06 20:42:46,650,-,-,-,-,-,支払い,Google,PayPay残高,-,-,04972903540139884546
2026/05/06 20:42:46,-,3,-,-,-,-,ポイント、残高の獲得,Google,PayPayポイント,-,-,04972903540139884546
2026/05/06 20:42:33,-,"10,000",-,-,-,-,チャージ,PayPay,横浜銀行 *****13,-,-,02261755140519075861
2026/05/05 14:37:11,-,2,-,-,-,-,ポイント、残高の獲得,コミックシーモア,PayPayポイント,-,-,04971972940984131593
2026/05/05 14:37:11,490,-,-,-,-,-,支払い,コミックシーモア,PayPay残高,-,-,04971972940984131593
2026/05/04 14:53:16,183,-,-,-,-,-,支払い,ローソン - 諏訪湖岸通り,PayPay残高,-,-,04971239059922690058
2026/05/04 14:45:50,458,-,-,-,-,-,支払い,ローソン - 諏訪湖岸通り,PayPay残高,-,-,04971235237401165825
2026/05/04 14:45:50,-,2,-,-,-,-,ポイント、残高の獲得,ローソン,PayPayポイント,-,-,04971235237401165825
2026/05/04 14:45:43,-,"1,000",-,-,-,-,チャージ,PayPay,横浜銀行 *****13,-,-,02260086889321988124
2026/05/03 22:34:07,400,-,-,-,-,-,支払い,Google,PayPay残高,-,-,04970734418445295617
2026/05/03 22:34:07,-,2,-,-,-,-,ポイント、残高の獲得,Google,PayPayポイント,-,-,04970734418445295617
2026/05/01 12:36:47,"1,122",-,-,-,-,-,支払い,マルエツ - 愛甲石田店,PayPay残高,-,-,04968942205902233603
2026/05/01 12:36:46,-,5,-,-,-,-,ポイント、残高の獲得,マルエツ,PayPayポイント,-,-,04968942205902233603
2026/05/01 12:36:35,-,"1,000",-,-,-,-,チャージ,PayPay,横浜銀行 *****13,-,-,02257793832053317660
2026/04/30 23:29:25,10,-,-,-,-,-,支払い,妖怪ウォッチ ぷにぷに,PayPay残高,-,-,04968536400211566599
2026/04/26 20:38:03,-,3,-,-,-,-,ポイント、残高の獲得,Google,PayPayポイント,-,-,04965479397109547010
2026/04/26 20:38:03,680,-,-,-,-,-,支払い,Google,PayPay残高,-,-,04965479397109547010
2026/04/26 20:37:52,-,"1,000",-,-,-,-,チャージ,PayPay,横浜銀行 *****13,-,-,02254331023260860434
2026/04/25 21:39:02,265,-,-,-,-,-,支払い,富士薬品グループ - ドラッグセイムス愛甲石田店,PayPay残高,-,-,04964768657331634177
2026/04/25 21:39:01,-,1,-,-,-,-,ポイント、残高の獲得,富士薬品グループ,PayPayポイント,-,-,04964768657331634177
2026/04/25 13:26:13,-,9,-,-,-,-,ポイント、残高の獲得,HoYoverse,PayPayポイント,-,-,04964514661555576840
2026/04/25 13:26:13,"1,840",-,-,-,-,-,支払い,HoYoverse,PayPay残高,-,-,04964514661555576840
2026/04/25 13:26:06,-,"1,000",-,-,-,-,チャージ,PayPay,横浜銀行 *****13,-,-,02253366322066808868
2026/04/25 13:21:38,-,30,-,-,-,-,ポイント、残高の獲得,HoYoverse,PayPayポイント,-,-,04964512299323875345
2026/04/25 13:21:38,"6,100",-,-,-,-,-,支払い,HoYoverse,PayPay残高,-,-,04964512299323875345
2026/04/24 21:22:40,-,2,-,-,-,-,ポイント、残高の獲得,マクドナルド,PayPayポイント,-,-,04964018051666993157
2026/04/24 21:22:40,580,-,-,-,-,-,支払い,マクドナルド - マクドナルド小田急相模大野駅店,PayPay残高,-,-,04964018051666993157
2026/04/24 20:18:51,"6,149",-,-,-,-,-,支払い,一家ダイニング - ハンサム町田店,PayPay残高,-,-,04963985169397489668
2026/04/24 20:18:51,-,30,-,-,-,-,ポイント、残高の獲得,一家ダイニング,PayPayポイント,-,-,04963985169397489668
2026/04/24 20:18:43,-,"10,000",-,-,-,-,チャージ,PayPay,横浜銀行 *****13,-,-,02252836812727992366
2026/04/24 16:26:35,-,"4,000",-,-,-,JP,受け取った金額,たける,PayPay残高,-,-,02252717180708184064
2026/04/24 12:53:35,-,11,-,-,-,-,ポイント、残高の獲得,セブン-イレブン,PayPayポイント,-,-,04963755672115085324
2026/04/24 12:53:35,"2,279",-,-,-,-,-,支払い,セブン-イレブン - 片柳学園,PayPay残高,-,-,04963755672115085324
2026/04/24 12:51:58,-,500,-,-,-,JP,受け取った金額,S,PayPay残高,-,-,02252606559530975241
2026/04/23 17:54:19,-,106,-,-,-,-,ポイント、残高の獲得,MASA,PayPayポイント,-,-,04963168498544001031
2026/04/23 17:54:19,"21,286",-,-,-,-,-,支払い,MASA - MASA,PayPay残高,-,-,04963168498544001031
2026/04/23 17:53:55,-,"5,000",-,-,-,-,チャージ,PayPay,横浜銀行 *****13,-,-,02252020021617082368
2026/04/23 13:18:12,-,"1,000",-,-,-,JP,受け取った金額,まつもと,PayPay残高,-,-,02251877909739274254
2026/04/23 13:12:48,"4,000",-,-,-,-,-,送った金額,たける,PayPay残高,-,-,02251875135189778440
2026/04/23 12:54:42,481,-,-,-,-,-,支払い,セブン-イレブン - 片柳学園,PayPay残高,-,-,04963014085880119297
2026/04/23 12:54:42,-,2,-,-,-,-,ポイント、残高の獲得,セブン-イレブン,PayPayポイント,-,-,04963014085880119297
2026/04/23 09:08:33,-,44,-,-,-,-,ポイント、残高の獲得,日本工学院,PayPayポイント,-,-,04962897520468303880
2026/04/23 09:08:33,"8,800",-,-,-,-,-,支払い,日本工学院,PayPay残高,-,-,04962897520468303880
2026/04/23 07:28:39,-,"15,000",-,-,-,JP,受け取った金額,ジユンコ,PayPay残高,-,-,02251697761630535684
2026/04/22 19:52:17,-,3,-,-,-,-,ポイント、残高の獲得,HoYoverse,PayPayポイント,-,-,04962487127752441860
2026/04/22 19:52:17,610,-,-,-,-,-,支払い,HoYoverse,PayPay残高,-,-,04962487127752441860
2026/04/22 17:34:17,-,"10,000",-,-,-,JP,受け取った金額,ジユンコ,PayPay残高,-,-,02251267732324974592
2026/04/21 23:50:19,780,-,-,-,-,-,支払い,Google,PayPay残高,-,-,04961867647439519744
2026/04/21 23:50:19,-,3,-,-,-,-,ポイント、残高の獲得,Google,PayPayポイント,-,-,04961867647439519744
2026/04/19 22:38:48,-,17,-,-,-,-,ポイント、残高の獲得,ZOZOTOWN,PayPayポイント,-,-,04959909056451575808
2026/04/19 22:38:47,-,69,-,-,-,-,ポイント、残高の獲得,ZOZOTOWN,PayPayポイント,-,-,04959909047862214658
2026/04/19 21:40:09,"2,605",-,-,-,-,-,支払い,富士薬品グループ - ドラッグセイムス愛甲石田店,PayPay残高,-,-,04960316219350974466
2026/04/19 21:40:09,-,13,-,-,-,-,ポイント、残高の獲得,富士薬品グループ,PayPayポイント,-,-,04960316219350974466
2026/04/19 18:03:58,-,"1,000",-,-,-,JP,受け取った金額,ジユンコ,PayPay残高,-,-,02249056519953219584
2026/04/19 08:38:05,-,8,-,-,-,-,ポイント、残高の獲得,Amazon.co.jp,PayPayポイント,-,-,04959913136670203904
2026/04/19 08:38:04,"1,760",-,-,-,-,-,支払い,Amazon.co.jp,PayPay残高,-,-,04959913136670203904
2026/04/19 08:30:09,"3,430",-,-,-,-,-,支払い,ZOZOTOWN,PayPay残高,-,-,04959909056451575808
2026/04/19 08:30:08,"13,960",-,-,-,-,-,支払い,ZOZOTOWN,PayPay残高,-,-,04959909047862214658
2026/04/19 08:29:00,-,"20,000",-,-,-,-,チャージ,PayPay,横浜銀行 *****13,-,-,02248760184390057989
2026/04/18 21:32:04,"3,062",-,-,-,-,-,支払い,富士薬品グループ - ドラッグセイムス愛甲石田店,PayPay残高,-,-,04959569882884399105
2026/04/18 21:32:04,-,15,-,-,-,-,ポイント、残高の獲得,富士薬品グループ,PayPayポイント,-,-,04959569882884399105
2026/04/18 20:04:02,-,"4,000",-,-,-,JP,受け取った金額,ジユンコ,PayPay残高,-,-,02248376231493386242
2026/04/17 12:52:53,500,-,-,-,-,-,支払い,ダ ルチアーノ堀之内本店 - da Luciano,PayPay残高,-,-,04958560127483387904
2026/04/17 12:52:53,-,2,-,-,-,-,ポイント、残高の獲得,ダ ルチアーノ堀之内本店,PayPayポイント,-,-,04958560127483387904
2026/04/17 12:50:04,300,-,-,-,-,-,支払い,パンだパンダ - パンだパンダ,PayPay残高,-,-,04958558675783901185
2026/04/17 12:50:04,-,1,-,-,-,-,ポイント、残高の獲得,パンだパンダ,PayPayポイント,-,-,04958558675783901185
2026/04/17 07:06:29,-,"1,000",-,-,-,JP,受け取った金額,ジユンコ,PayPay残高,-,-,02247233306336321538
2026/04/14 21:34:54,"3,388",-,-,-,-,-,支払い,富士薬品グループ - ドラッグセイムス愛甲石田店,PayPay残高,-,-,04956602661778440192
2026/04/14 21:34:54,-,16,-,-,-,-,ポイント、残高の獲得,富士薬品グループ,PayPayポイント,-,-,04956602661778440192
2026/04/14 20:41:17,-,17,-,-,-,-,ポイント、残高の獲得,Amazon.co.jp,PayPayポイント,-,-,04956575010778447874
2026/04/14 20:41:16,"3,575",-,-,-,-,-,支払い,Amazon.co.jp,PayPay残高,-,-,04956575010778447874
2026/04/14 18:40:31,-,"5,000",-,-,-,JP,受け取った金額,ジユンコ,PayPay残高,-,-,02245364497345110016
2026/04/14 09:09:57,298,-,-,-,-,-,支払い,ファミリーマート - セレオ八王子,PayPay残高,-,-,04956218717471916035
2026/04/14 09:09:57,-,1,-,-,-,-,ポイント、残高の獲得,ファミリーマート,PayPayポイント,-,-,04956218717471916035
2026/04/13 14:50:37,590,-,-,-,-,-,支払い,Google,PayPay残高,-,-,04955652116794769416
2026/04/13 14:50:36,-,2,-,-,-,-,ポイント、残高の獲得,Google,PayPayポイント,-,-,04955652116794769416
2026/04/12 21:41:45,-,1,-,-,-,-,ポイント、残高の獲得,富士薬品グループ,PayPayポイント,-,-,04955121842953125894
2026/04/12 21:41:45,248,-,-,-,-,-,支払い,富士薬品グループ - ドラッグセイムス愛甲石田店,PayPay残高,-,-,04955121842953125894
2026/04/11 19:00:42,138,-,-,-,-,-,支払い,富士薬品グループ - ドラッグセイムス愛甲石田店,PayPay残高,-,-,04954296676655890434
2026/04/10 11:04:55,-,21,-,-,-,-,ポイント、残高の獲得,ヨークマート,PayPayポイント,-,-,04953309280854310920
2026/04/10 11:04:55,"4,374",-,-,-,-,-,支払い,ヨークマート - ヨークマート伊勢原成瀬店,PayPay残高,-,-,04953309280854310920
2026/04/10 10:31:04,-,"10,000",-,-,-,JP,受け取った金額,ジユンコ,PayPay残高,-,-,02242143563930918912
2026/04/09 10:41:27,"2,458",-,-,-,-,-,支払い,マルエツ - 愛甲石田店,PayPay残高,-,-,04952555024467468288
2026/04/09 10:41:27,-,12,-,-,-,-,ポイント、残高の獲得,マルエツ,PayPayポイント,-,-,04952555024467468288
2026/04/09 08:18:32,-,"2,000",-,-,-,JP,受け取った金額,ジユンコ,PayPay残高,-,-,02241333077832335360
2026/04/04 21:40:45,499,-,-,-,-,-,支払い,富士薬品グループ - ドラッグセイムス愛甲石田店,PayPay残高,-,-,04949183973355167744
2026/04/04 21:40:45,-,2,-,-,-,-,ポイント、残高の獲得,富士薬品グループ,PayPayポイント,-,-,04949183973355167744
2026/04/04 17:46:46,862,-,-,-,-,-,支払い,富士薬品グループ - ドラッグセイムス愛甲石田店,PayPay残高,-,-,04949063370672799748
2026/04/04 17:46:45,-,4,-,-,-,-,ポイント、残高の獲得,富士薬品グループ,PayPayポイント,-,-,04949063370672799748
2026/04/03 13:03:05,-,1,-,-,-,-,ポイント、残高の獲得,セブン-イレブン,PayPayポイント,-,-,04948174991047360522
2026/04/03 13:03:05,278,-,-,-,-,-,支払い,セブン-イレブン - 片柳学園,PayPay残高,-,-,04948174991047360522
2026/04/03 12:37:46,784,-,-,-,-,-,支払い,セブン-イレブン - 片柳学園,PayPay残高,-,-,04948161951526920203
2026/04/03 12:37:46,-,3,-,-,-,-,ポイント、残高の獲得,セブン-イレブン,PayPayポイント,-,-,04948161951526920203
2026/04/02 21:29:03,-,"1,000",-,-,-,JP,受け取った金額,ジユンコ,PayPay残高,-,-,02236545323168628737
2026/04/01 02:05:53,"1,000",-,-,-,-,-,期間限定ポイントの期限切れ,-,PayPayポイント,-,-,04232912792568619048
2026/04/01 01:29:09,480,-,-,-,-,-,支払い,Google,PayPay残高,-,-,04946333008422248448
2026/04/01 01:29:09,-,2,-,-,-,-,ポイント、残高の獲得,Google,PayPayポイント,-,-,04946333008422248448
2026/03/31 11:49:13,"5,445",-,-,-,-,-,支払い,MASA - MASA,PayPay残高,-,-,04945910418000355331
2026/03/31 11:49:13,-,27,-,-,-,-,ポイント、残高の獲得,MASA,PayPayポイント,-,-,04945910418000355331
2026/03/29 21:40:34,"2,981",-,-,-,-,-,支払い,富士薬品グループ - ドラッグセイムス愛甲石田店,PayPay残高,-,-,04944730848181985285
2026/03/29 21:40:33,-,14,-,-,-,-,ポイント、残高の獲得,富士薬品グループ,PayPayポイント,-,-,04944730848181985285
2026/03/29 21:12:18,-,"4,000",-,-,-,JP,受け取った金額,ジユンコ,PayPay残高,-,-,02233568008889409539
2026/03/28 18:44:50,205,-,-,-,-,-,支払い,ローソン - 相模原橋本三丁目,PayPay残高,-,-,04943898105562259457
2026/03/28 18:44:49,-,1,-,-,-,-,ポイント、残高の獲得,ローソン,PayPayポイント,-,-,04943898105562259457
2026/03/26 00:25:31,160,-,-,-,-,-,支払い,Google,PayPay残高,-,-,04941847181369769984
2026/03/26 00:23:42,160,-,-,-,-,-,支払い,Google,PayPay残高,-,-,04941846245066448901
2026/03/25 17:34:10,206,-,-,-,-,-,支払い,セブン-イレブン - 藤沢駅南口,PayPay残高,-,-,04941635181784154113
2026/03/25 17:34:10,-,1,-,-,-,-,ポイント、残高の獲得,セブン-イレブン,PayPayポイント,-,-,04941635181784154113
2026/03/25 08:58:23,-,"6,000",-,-,-,-,返金,Amazon.co.jp,PayPay残高,-,-,04940977733959114754
2026/03/25 08:58:22,30,-,-,-,-,-,ポイント、残高の取消,-,PayPayポイント,-,-,04940977733959114754
2026/03/24 21:01:19,-,30,-,-,-,-,ポイント、残高の獲得,Amazon.co.jp,PayPayポイント,-,-,04940999767140704256
2026/03/24 21:01:18,"6,190",-,-,-,-,-,支払い,Amazon.co.jp,PayPay残高,-,-,04940999767140704256
2026/03/24 20:18:34,-,30,-,-,-,-,ポイント、残高の獲得,Amazon.co.jp,PayPayポイント,-,-,04940977733959114754
2026/03/24 20:18:34,"6,000",-,-,-,-,-,支払い,Amazon.co.jp,PayPay残高,-,-,04940977733959114754
2026/03/23 15:17:46,-,"10,000",-,-,-,-,チャージ,PayPay,横浜銀行 *****13,-,-,02228932253118046225
2026/03/22 21:49:42,378,-,-,-,-,-,支払い,マルエツ - 愛甲石田店,PayPay残高,-,-,04939540371613736961
2026/03/22 21:49:42,-,1,-,-,-,-,ポイント、残高の獲得,マルエツ,PayPayポイント,-,-,04939540371613736961
2026/03/22 21:11:24,"5,576",-,-,-,-,-,支払い,富士薬品グループ - ドラッグセイムス愛甲石田店,PayPay残高,-,-,04939520623354134528
2026/03/22 21:11:23,-,27,-,-,-,-,ポイント、残高の獲得,富士薬品グループ,PayPayポイント,-,-,04939520623354134528
2026/03/22 19:20:09,-,"6,000",-,-,-,JP,受け取った金額,ジユンコ,PayPay残高,-,-,02228315014778306561
2026/03/22 09:38:13,279,-,-,-,-,-,支払い,マルエツ - 愛甲石田店,PayPay残高,-,-,04939163359383912450
2026/03/22 09:38:12,-,1,-,-,-,-,ポイント、残高の獲得,マルエツ,PayPayポイント,-,-,04939163359383912450
2026/03/22 09:37:44,"1,191",-,-,-,-,-,支払い,マルエツ - 愛甲石田店,PayPay残高,-,-,04939163110276268034
2026/03/22 09:37:43,-,5,-,-,-,-,ポイント、残高の獲得,マルエツ,PayPayポイント,-,-,04939163110276268034
2026/03/21 23:50:19,-,3,-,-,-,-,ポイント、残高の獲得,Google,PayPayポイント,-,-,04938860358031089666
2026/03/21 23:50:19,780,-,-,-,-,-,支払い,Google,PayPay残高,-,-,04938860358031089666
2026/03/19 21:31:48,-,5,-,-,-,-,ポイント、残高の獲得,マルエツ,PayPayポイント,-,-,04937304626387214343
2026/03/19 21:31:48,"1,122",-,-,-,-,-,支払い,マルエツ - 愛甲石田店,PayPay残高,-,-,04937304626387214343
2026/03/18 23:37:11,-,"10,000",-,-,-,JP,受け取った金額,ジユンコ,PayPay残高,-,-,02225478798764605450
2026/03/17 17:58:44,113,-,-,-,-,-,支払い,スーパーアルプス - スーパーアルプス　伊勢原下落合店,PayPay残高,-,-,04935710480554885121
2026/03/17 13:44:48,"3,310",-,-,-,-,-,支払い,マルエツ - 愛甲石田店,PayPay残高,-,-,04935579604311105536
2026/03/17 13:44:48,-,16,-,-,-,-,ポイント、残高の獲得,マルエツ,PayPayポイント,-,-,04935579604311105536
2026/03/17 13:44:22,-,"2,000",-,-,-,-,チャージ,PayPay,横浜銀行 *****13,-,-,02224431101620748292
2026/03/15 21:29:36,429,-,-,-,-,-,支払い,富士薬品グループ - ドラッグセイムス愛甲石田店,PayPay残高,-,-,04934334819707781120
2026/03/15 21:29:36,-,2,-,-,-,-,ポイント、残高の獲得,富士薬品グループ,PayPayポイント,-,-,04934334819707781120
2026/03/14 21:50:13,613,-,-,-,-,-,支払い,マルエツ - 愛甲石田店,PayPay残高,-,-,04933603275109294080
2026/03/14 21:50:13,-,3,-,-,-,-,ポイント、残高の獲得,マルエツ,PayPayポイント,-,-,04933603275109294080
2026/03/13 22:45:23,650,-,-,-,-,-,支払い,Google,PayPay残高,-,-,04932889537443651586
2026/03/13 22:45:23,-,3,-,-,-,-,ポイント、残高の獲得,Google,PayPayポイント,-,-,04932889537443651586
2026/03/12 13:38:38,320,-,-,-,-,-,支払い,Google,PayPay残高,-,-,04931865574291152897
2026/03/12 13:38:38,-,1,-,-,-,-,ポイント、残高の獲得,Google,PayPayポイント,-,-,04931865574291152897
2026/03/12 13:37:17,"2,400",-,-,-,-,-,支払い,Google,PayPay残高,-,-,04931864878506295296
2026/03/12 13:37:17,-,12,-,-,-,-,ポイント、残高の獲得,Google,PayPayポイント,-,-,04931864878506295296
2026/03/12 13:33:50,480,-,-,-,-,-,支払い,Google,PayPay残高,-,-,04931863100389974019
2026/03/12 13:33:50,-,2,-,-,-,-,ポイント、残高の獲得,Google,PayPayポイント,-,-,04931863100389974019
2026/03/12 05:21:11,-,3,-,-,-,-,ポイント、残高の獲得,ファミリーマート,PayPayポイント,-,-,04931609181922631680
2026/03/12 05:21:11,616,-,-,-,-,-,支払い,ファミリーマート - 橋本駅ビル,PayPay残高,-,-,04931609181922631680
2026/03/11 19:48:41,162,-,-,-,-,-,支払い,富士薬品グループ - ドラッグセイムス愛甲石田店,PayPay残高,-,-,04931314126259019779
2026/03/08 18:07:04,-,6,-,-,-,-,ポイント、残高の獲得,マクドナルドモバイルオーダー,PayPayポイント,-,-,04929035182253072394
2026/03/08 18:06:58,"1,270",-,-,-,-,-,支払い,マクドナルドモバイルオーダー,PayPay残高,-,-,04929035182253072394
2026/03/08 14:35:36,"3,600",-,-,-,-,-,支払い,コニカミノルタプラネタリア - プラネタリアYOKOHAMA,PayPay残高,-,-,04928926253291659265
2026/03/08 14:35:36,-,18,-,-,-,-,ポイント、残高の獲得,コニカミノルタプラネタリア,PayPayポイント,-,-,04928926253291659265
2026/03/08 14:35:27,-,"10,000",-,-,-,-,チャージ,PayPay,横浜銀行 *****13,-,-,02217777888041386018
2026/03/08 13:58:00,"2,403",-,-,-,-,-,支払い,髙島屋 - 横浜店,PayPay残高,-,-,04928906874399342593
2026/03/08 13:58:00,-,12,-,-,-,-,ポイント、残高の獲得,髙島屋,PayPayポイント,-,-,04928906874399342593
2026/03/08 12:13:17,"3,168",-,-,-,-,-,支払い,張亮麻辣湯 - 横浜中華街大通店,PayPay残高,-,-,04928852903840743424
2026/03/08 12:13:17,-,15,-,-,-,-,ポイント、残高の獲得,張亮麻辣湯,PayPayポイント,-,-,04928852903840743424
2026/03/07 20:44:02,336,-,-,-,-,-,支払い,セブン-イレブン - 横浜クロスゲート,PayPay残高,-,-,04928373972037550081
2026/03/07 20:44:02,-,1,-,-,-,-,ポイント、残高の獲得,セブン-イレブン,PayPayポイント,-,-,04928373972037550081
2026/03/07 13:17:04,"1,244",-,-,-,-,-,支払い,髙島屋 - 横浜店,PayPay残高,-,-,04928143607171645441
2026/03/07 13:17:04,-,6,-,-,-,-,ポイント、残高の獲得,髙島屋,PayPayポイント,-,-,04928143607171645441
2026/03/07 13:16:04,-,"10,000",-,-,-,-,チャージ,PayPay,横浜銀行 *****13,-,-,02216994803834445838
2026/03/06 01:03:02,449,-,-,-,-,-,支払い,Steam,PayPay残高,-,-,04927023118922825730
2026/03/06 01:03:02,-,2,-,-,-,-,ポイント、残高の獲得,Steam,PayPayポイント,-,-,04927023118922825730
2026/03/05 12:54:56,278,-,-,-,-,-,支払い,セブン-イレブン - 片柳学園,PayPay残高,-,-,04926647859041280001
2026/03/05 12:54:56,-,1,-,-,-,-,ポイント、残高の獲得,セブン-イレブン,PayPayポイント,-,-,04926647859041280001
2026/03/05 11:55:36,108,-,-,-,-,-,支払い,セブン-イレブン - 片柳学園,PayPay残高,-,-,04926617278873092096
2026/03/04 12:29:07,-,28,-,-,-,-,ポイント、残高の獲得,Amazon.co.jp,PayPayポイント,-,-,04925892365702807556
2026/03/04 12:29:06,"5,747",-,-,-,-,-,支払い,Amazon.co.jp,PayPay残高,-,-,04925892365702807556
2026/03/03 17:50:26,-,26,-,-,-,-,ポイント、残高の獲得,Amazon.co.jp,PayPayポイント,-,-,04925315809292812291
2026/03/03 17:50:25,"5,225",-,-,-,-,-,支払い,Amazon.co.jp,PayPay残高,-,-,04925315809292812291
2026/03/03 17:35:44,-,"10,000",-,-,-,-,チャージ,PayPay,横浜銀行 *****13,-,-,02214159953619853329
2026/03/02 18:47:50,-,2,-,-,-,-,ポイント、残高の獲得,Google,PayPayポイント,-,-,04924603222679707651
2026/03/02 18:47:50,480,-,-,-,-,-,支払い,Google,PayPay残高,-,-,04924603222679707651
2026/03/01 21:41:16,"1,437",-,-,-,-,-,支払い,富士薬品グループ - ドラッグセイムス愛甲石田店,PayPay残高,-,-,04923950447779414016
2026/03/01 21:41:16,-,7,-,-,-,-,ポイント、残高の獲得,富士薬品グループ,PayPayポイント,-,-,04923950447779414016
2026/03/01 18:44:42,-,"3,000",-,-,-,JP,受け取った金額,ジユンコ,PayPay残高,-,-,02212711158072049691
2026/02/28 18:23:10,437,-,-,-,-,-,支払い,富士薬品グループ - ドラッグセイムス愛甲石田店,PayPay残高,-,-,04923106177468981249
2026/02/28 18:23:10,-,2,-,-,-,-,ポイント、残高の獲得,富士薬品グループ,PayPayポイント,-,-,04923106177468981249
2026/02/27 13:55:01,-,5,-,-,-,-,ポイント、残高の獲得,マルエツ,PayPayポイント,-,-,04922225795072548869
2026/02/27 13:55:01,"1,153",-,-,-,-,-,支払い,マルエツ - 愛甲石田店,PayPay残高,-,-,04922225795072548869
2026/02/27 10:40:05,-,64,-,-,-,-,ポイント、残高の獲得,MGI 公式ストア,PayPayポイント,-,-,04922074165546287110
2026/02/27 09:00:49,"12,900",-,-,-,-,-,支払い,MGI 公式ストア,PayPay残高,-,-,04922074165546287110
2026/02/27 08:58:19,320,-,-,-,-,-,支払い,Google,PayPay残高,-,-,04922072877056655360
2026/02/27 08:58:18,-,1,-,-,-,-,ポイント、残高の獲得,Google,PayPayポイント,-,-,04922072877056655360
2026/02/26 14:56:08,-,12,-,-,-,-,ポイント、残高の獲得,Amazon.co.jp,PayPayポイント,-,-,04921515124014366724
2026/02/26 14:56:07,"2,450",-,-,-,-,-,支払い,Amazon.co.jp,PayPay残高,-,-,04921515124014366724
2026/02/26 14:49:22,"15,445",-,-,-,-,-,支払い,MASA - MASA,PayPay残高,-,-,04921511636500561927
2026/02/26 14:49:21,-,77,-,-,-,-,ポイント、残高の獲得,MASA,PayPayポイント,-,-,04921511636500561927
2026/02/26 07:06:28,480,-,-,-,-,-,支払い,Google,PayPay残高,-,-,04921273068247367680
2026/02/26 07:06:28,-,2,-,-,-,-,ポイント、残高の獲得,Google,PayPayポイント,-,-,04921273068247367680
2026/02/25 21:32:59,-,"25,000",-,-,-,JP,受け取った金額,ジユンコ,PayPay残高,-,-,02209829217836244995
2026/02/22 21:40:47,"6,791",-,-,-,-,-,支払い,富士薬品グループ - ドラッグセイムス愛甲石田店,PayPay残高,-,-,04918755006230962177
2026/02/22 21:40:47,-,33,-,-,-,-,ポイント、残高の獲得,富士薬品グループ,PayPayポイント,-,-,04918755006230962177
2026/02/22 21:24:43,-,"1,000",-,-,-,JP,受け取った金額,ジユンコ,PayPay残高,-,-,02207598446183088128
2026/02/22 20:24:12,-,"3,000",-,-,-,JP,受け取った金額,ジユンコ,PayPay残高,-,-,02207567256130338824
2026/02/21 23:50:19,780,-,-,-,-,-,支払い,Google,PayPay残高,-,-,04918079596853239808
2026/02/21 23:50:19,-,3,-,-,-,-,ポイント、残高の獲得,Google,PayPayポイント,-,-,04918079596853239808
2026/02/21 09:27:01,-,"1,000",-,-,-,JP,受け取った金額,ジユンコ,PayPay残高,-,-,02206486367480938498
2026/02/20 17:36:56,545,-,-,-,-,-,支払い,Steam,PayPay残高,-,-,04917144986199891968
2026/02/20 17:36:56,-,2,-,-,-,-,ポイント、残高の獲得,Steam,PayPayポイント,-,-,04917144986199891968
2026/02/15 15:22:31,160,-,-,-,-,-,支払い,Google,PayPay残高,-,-,04913364856631853057
2026/02/15 15:20:11,160,-,-,-,-,-,支払い,Google,PayPay残高,-,-,04913363645451149316
2026/02/15 15:17:37,160,-,-,-,-,-,支払い,Google,PayPay残高,-,-,04913362331191418881
2026/02/15 15:15:13,160,-,-,-,-,-,支払い,Google,PayPay残高,-,-,04913361094240796672
2026/02/13 17:21:18,551,-,-,-,-,-,支払い,マルエツ - 愛甲石田店,PayPay残高,-,-,04911941727808151555
2026/02/13 17:21:17,-,2,-,-,-,-,ポイント、残高の獲得,マルエツ,PayPayポイント,-,-,04911941727808151555
2026/02/12 13:50:25,-,"1,000",-,-,-,-,ポイント、残高の獲得,Yahoo!ショッピング,PayPayポイント,-,-,lp-102895974642327552-c_72bcd639-ff4d-4d71-a1c4-e00d8df2d2e3_sppf
2026/02/12 13:20:32,-,67,-,-,-,-,ポイント、残高の獲得,ZOZOTOWN,PayPayポイント,-,-,04909840956223717376
2026/02/11 21:58:13,-,"10,000",-,-,-,JP,受け取った金額,ジユンコ,PayPay残高,-,-,02199451829522440200
2026/02/10 21:25:15,"13,530",-,-,-,-,-,支払い,ZOZOTOWN,PayPay残高,-,-,04909840956223717376
2026/02/10 20:55:28,-,"5,000",-,-,-,-,チャージ,PayPay,横浜銀行 *****13,-,-,02198677326659846149
2026/02/10 12:51:19,-,8,-,-,-,-,ポイント、残高の獲得,Go-2kebab HALAL ケバブショップ,PayPayポイント,-,-,04909576068409458695
2026/02/10 12:51:19,"1,600",-,-,-,-,-,支払い,Go-2kebab HALAL ケバブショップ,PayPay残高,-,-,04909576068409458695
2026/02/10 12:47:07,-,"1,000",-,-,-,JP,受け取った金額,ジユンコ,PayPay残高,-,-,02198425624396488714
2026/02/09 21:12:56,-,"10,000",-,-,-,-,チャージ,PayPay,横浜銀行 *****13,-,-,02197944149972967433
2026/02/08 15:47:01,-,899,-,-,-,-,返金,Amazon.co.jp,PayPay残高,-,-,04908108349235789826
2026/02/08 15:47:00,4,-,-,-,-,-,ポイント、残高の取消,-,PayPayポイント,-,-,04908108349235789826
2026/02/08 13:23:35,-,4,-,-,-,-,ポイント、残高の獲得,Amazon.co.jp,PayPayポイント,-,-,04908108349235789826
2026/02/08 13:23:34,899,-,-,-,-,-,支払い,Amazon.co.jp,PayPay残高,-,-,04908108349235789826
2026/02/07 21:40:30,"2,157",-,-,-,-,-,支払い,富士薬品グループ - ドラッグセイムス愛甲石田店,PayPay残高,-,-,04907622304966967298
2026/02/07 21:40:30,-,10,-,-,-,-,ポイント、残高の獲得,富士薬品グループ,PayPayポイント,-,-,04907622304966967298
2026/02/07 16:41:34,-,"3,000",-,-,-,JP,受け取った金額,ジユンコ,PayPay残高,-,-,02196319947960156177
2026/02/06 00:52:26,-,3,-,-,-,-,ポイント、残高の獲得,Amazon.co.jp,PayPayポイント,-,-,04906236877366296576
2026/02/06 00:52:25,644,-,-,-,-,-,支払い,Amazon.co.jp,PayPay残高,-,-,04906236877366296576
2026/02/06 00:50:51,-,"2,000",-,-,-,-,チャージ,PayPay,横浜銀行 *****13,-,-,02195087781972934666
2026/02/05 20:46:48,-,12,-,-,-,-,ポイント、残高の獲得,コメダ珈琲店,PayPayポイント,-,-,04906110278910738439
2026/02/05 20:46:48,"2,520",-,-,-,-,-,支払い,コメダ珈琲店 - コメダ珈琲店　湘南台駅前店,PayPay残高,-,-,04906110278910738439
2026/02/05 20:46:31,-,"1,000",-,-,-,-,チャージ,PayPay,横浜銀行 *****13,-,-,02194961853531283466
2026/02/05 17:13:02,900,-,-,-,-,-,支払い,バーガーキング - 湘南台,PayPay残高,-,-,04906000112999096321
2026/02/05 17:13:02,-,4,-,-,-,-,ポイント、残高の獲得,バーガーキング,PayPayポイント,-,-,04906000112999096321
2026/02/04 20:45:56,160,-,-,-,-,-,支払い,Google,PayPay残高,-,-,04905367661884514312
2026/02/03 10:44:31,-,30,-,-,-,-,ポイント、残高の獲得,MASA,PayPayポイント,-,-,04904315523745898500
2026/02/03 10:44:31,"6,050",-,-,-,-,-,支払い,MASA - MASA,PayPay残高,-,-,04904315523745898500
2026/02/02 19:38:24,-,"7,000",-,-,-,JP,受け取った金額,ジユンコ,PayPay残高,-,-,02192700235420958732
2026/02/02 16:49:43,-,"2,000",-,-,-,JP,受け取った金額,ジユンコ,PayPay残高,-,-,02192613305282707456
2026/02/02 15:53:40,922,-,-,-,-,-,支払い,セブン-イレブン - 小田急愛甲石田,PayPay残高,-,-,04903732696682848257
2026/02/02 15:53:40,-,4,-,-,-,-,ポイント、残高の獲得,セブン-イレブン,PayPayポイント,-,-,04903732696682848257
2026/02/01 22:20:46,-,30,-,-,-,-,ポイント、残高の獲得,妖怪ウォッチ ぷにぷに,PayPayポイント,-,-,04903190027564769282
2026/02/01 22:20:46,"6,170",-,-,-,-,-,支払い,妖怪ウォッチ ぷにぷに,PayPay残高,-,-,04903190027564769282
2026/02/01 22:20:24,-,"2,000",-,-,-,-,チャージ,PayPay,横浜銀行 *****13,-,-,02192041559237296143
2026/02/01 02:51:24,"1,000",-,-,-,-,-,期間限定ポイントの期限切れ,-,PayPayポイント,-,-,04145383609634603062
2026/01/31 21:32:02,"4,636",-,-,-,-,-,支払い,富士薬品グループ - ドラッグセイムス愛甲石田店,PayPay残高,-,-,04902422748837036035
2026/01/31 21:32:02,-,23,-,-,-,-,ポイント、残高の獲得,富士薬品グループ,PayPayポイント,-,-,04902422748837036035
2026/01/31 20:09:38,-,"5,000",-,-,-,JP,受け取った金額,ジユンコ,PayPay残高,-,-,02191231992260861958
2026/01/31 10:37:30,"2,900",-,-,-,-,-,支払い,Google,PayPay残高,-,-,04902085404925820929
2026/01/31 10:37:30,-,14,-,-,-,-,ポイント、残高の獲得,Google,PayPayポイント,-,-,04902085404925820929
2026/01/27 13:55:52,-,3,-,-,-,-,ポイント、残高の獲得,マルエツ,PayPayポイント,-,-,04899218952343207941
2026/01/27 13:55:52,654,-,-,-,-,-,支払い,マルエツ - 愛甲石田店,PayPay残高,-,-,04899218952343207941
2026/01/27 11:28:46,-,"1,000",-,-,-,JP,受け取った金額,ジユンコ,PayPay残高,-,-,02187994866819932160
2026/01/26 17:54:33,"2,191",-,-,-,-,-,支払い,富士薬品グループ - ドラッグセイムス愛甲石田店,PayPay残高,-,-,04898599807037390852
2026/01/26 17:54:33,-,10,-,-,-,-,ポイント、残高の獲得,富士薬品グループ,PayPayポイント,-,-,04898599807037390852
2026/01/26 12:35:00,625,-,-,-,-,-,支払い,セブン-イレブン - 片柳学園,PayPay残高,-,-,04898435112221761538
2026/01/26 12:35:00,-,3,-,-,-,-,ポイント、残高の獲得,セブン-イレブン,PayPayポイント,-,-,04898435112221761538
2026/01/26 07:53:26,-,"1,000",-,-,-,JP,受け取った金額,ジユンコ,PayPay残高,-,-,02187141714516238336
2026/01/25 00:52:29,160,-,-,-,-,-,支払い,Google,PayPay残高,-,-,04897330858949246976
2026/01/25 00:49:47,160,-,-,-,-,-,支払い,Google,PayPay残高,-,-,04897329475970007042
2026/01/25 00:44:58,160,-,-,-,-,-,支払い,Google,PayPay残高,-,-,04897326993479155712
2026/01/25 00:14:03,160,-,-,-,-,-,支払い,Google,PayPay残高,-,-,04897311059150700545
2026/01/25 00:02:11,160,-,-,-,-,-,支払い,Google,PayPay残高,-,-,04897304943116517378
2026/01/24 18:23:42,-,"3,000",-,-,-,JP,受け取った金額,ジユンコ,PayPay残高,-,-,02185982202195337227
2026/01/24 13:11:27,-,31,-,-,-,-,ポイント、残高の獲得,ZOZOTOWN,PayPayポイント,-,-,04895080519424851970
2026/01/23 23:21:12,-,"5,000",-,-,-,JP,受け取った金額,ジユンコ,PayPay残高,-,-,02185393370769498114
2026/01/23 21:41:18,-,2,-,-,-,-,ポイント、残高の獲得,マクドナルドモバイルオーダー,PayPayポイント,-,-,04896489801274023939
2026/01/23 21:40:36,430,-,-,-,-,-,支払い,マクドナルドモバイルオーダー,PayPay残高,-,-,04896489801274023939
2026/01/23 13:05:17,110,-,-,-,-,-,支払い,セブン-イレブン - 片柳学園,PayPay残高,-,-,04896224209086259200
2026/01/23 12:45:31,956,-,-,-,-,-,支払い,セブン-イレブン - 片柳学園,PayPay残高,-,-,04896214021424160771
2026/01/23 12:45:31,-,4,-,-,-,-,ポイント、残高の獲得,セブン-イレブン,PayPayポイント,-,-,04896214021424160771
2026/01/22 17:39:38,"1,760",-,-,-,-,-,支払い,町田マルイ - ミスターワッフル,PayPay残高,-,-,04895623437650960385
2026/01/22 17:39:38,-,8,-,-,-,-,ポイント、残高の獲得,町田マルイ,PayPayポイント,-,-,04895623437650960385
2026/01/22 00:06:15,"6,270",-,-,-,-,-,支払い,ZOZOTOWN,PayPay残高,-,-,04895080519424851970
2026/01/22 00:05:25,-,"10,000",-,-,-,-,チャージ,PayPay,横浜銀行 *****13,-,-,02183931810578849800
2026/01/21 23:50:19,780,-,-,-,-,-,支払い,Google,PayPay残高,-,-,04895072316037013504
2026/01/21 23:50:19,-,3,-,-,-,-,ポイント、残高の獲得,Google,PayPayポイント,-,-,04895072316037013504
2026/01/21 02:02:34,160,-,-,-,-,-,支払い,Google,PayPay残高,-,-,04894398306818736129
2026/01/21 01:18:42,160,-,-,-,-,-,支払い,Google,PayPay残高,-,-,04894375689519849473
2026/01/21 01:17:03,160,-,-,-,-,-,支払い,Google,PayPay残高,-,-,04894374839117570050
2026/01/19 18:46:27,369,-,-,-,-,-,支払い,Steam,PayPay残高,-,-,04893431363650371585
2026/01/19 18:46:27,-,1,-,-,-,-,ポイント、残高の獲得,Steam,PayPayポイント,-,-,04893431363650371585
2026/01/18 20:02:35,84,-,-,-,-,-,支払い,富士薬品グループ - ドラッグセイムス愛甲石田店,PayPay残高,-,-,04892728423531544583
2026/01/14 12:28:17,706,-,-,-,-,-,支払い,マルエツ - 愛甲石田店,PayPay残高,-,-,04889525606288932870
2026/01/14 12:28:17,-,3,-,-,-,-,ポイント、残高の獲得,マルエツ,PayPayポイント,-,-,04889525606288932870
2026/01/14 11:50:20,-,"1,000",-,-,-,JP,受け取った金額,ジユンコ,PayPay残高,-,-,02178357767659323392
2026/01/13 17:48:06,"3,380",-,-,-,-,-,支払い,Steam,PayPay残高,-,-,04888948268194955266
2026/01/13 17:48:06,-,16,-,-,-,-,ポイント、残高の獲得,Steam,PayPayポイント,-,-,04888948268194955266
2026/01/13 17:46:14,-,"5,000",-,-,-,-,チャージ,PayPay,横浜銀行 *****13,-,-,02177799026773647365
2026/01/11 23:42:03,160,-,-,-,-,-,支払い,Google,PayPay残高,-,-,04887646343348355072
2026/01/11 10:55:04,"3,980",-,-,-,-,-,支払い,ランドフローラ - ヒビヤカダンスタイル小田急マルシェ海老名,PayPay残高,-,-,04887251051738267648
2026/01/11 10:55:04,-,19,-,-,-,-,ポイント、残高の獲得,ランドフローラ,PayPayポイント,-,-,04887251051738267648
2026/01/11 10:54:38,-,"5,000",-,-,-,-,チャージ,PayPay,横浜銀行 *****13,-,-,02176102540461547554
2026/01/10 21:38:58,"2,982",-,-,-,-,-,支払い,富士薬品グループ - ドラッグセイムス愛甲石田店,PayPay残高,-,-,04886840744922365953
2026/01/10 21:38:58,-,14,-,-,-,-,ポイント、残高の獲得,富士薬品グループ,PayPayポイント,-,-,04886840744922365953
2026/01/10 19:31:34,-,"2,500",-,-,-,JP,受け取った金額,ジユンコ,PayPay残高,-,-,02175626795524448281
2026/01/09 17:58:36,839,-,-,-,-,-,支払い,マルエツ - 愛甲石田店,PayPay残高,-,-,04885984998458818561
2026/01/09 17:58:36,-,4,-,-,-,-,ポイント、残高の獲得,マルエツ,PayPayポイント,-,-,04885984998458818561
2026/01/09 17:09:53,-,"1,000",-,-,-,JP,受け取った金額,ジユンコ,PayPay残高,-,-,02174811610731520000
2026/01/08 18:12:14,407,-,-,-,-,-,支払い,マルエツ - 愛甲石田店,PayPay残高,-,-,04885249854675771393
2026/01/08 18:12:14,-,2,-,-,-,-,ポイント、残高の獲得,マルエツ,PayPayポイント,-,-,04885249854675771393
2026/01/07 12:48:26,885,-,-,-,-,-,支払い,吉野家 - 東京工科大学店,PayPay残高,-,-,04884340799077105664
2026/01/07 12:48:26,-,4,-,-,-,-,ポイント、残高の獲得,吉野家,PayPayポイント,-,-,04884340799077105664
2026/01/07 12:35:02,-,"1,000",-,-,-,JP,受け取った金額,ジユンコ,PayPay残高,-,-,02173185613422182404
2026/01/04 23:18:28,900,-,-,-,-,-,支払い,Google,PayPay残高,-,-,04882439004738002944
2026/01/04 23:18:28,-,4,-,-,-,-,ポイント、残高の獲得,Google,PayPayポイント,-,-,04882439004738002944
2026/01/04 21:42:00,"1,534",-,-,-,-,-,支払い,富士薬品グループ - ドラッグセイムス愛甲石田店,PayPay残高,-,-,04882389277606682627
2026/01/04 21:41:59,-,7,-,-,-,-,ポイント、残高の獲得,富士薬品グループ,PayPayポイント,-,-,04882389277606682627
2026/01/04 20:30:02,-,"2,000",-,-,-,JP,受け取った金額,ジユンコ,PayPay残高,-,-,02171203906920202253
2026/01/04 12:23:27,"9,310",-,-,-,-,-,支払い,妖怪ウォッチ ぷにぷに,PayPay残高,-,-,04882101403128840199
2026/01/04 12:23:26,-,46,-,-,-,-,ポイント、残高の獲得,妖怪ウォッチ ぷにぷに,PayPayポイント,-,-,04882101403128840199
2026/01/04 12:23:01,-,"10,000",-,-,-,-,チャージ,PayPay,横浜銀行 *****13,-,-,02170952909033406467
2026/01/04 12:19:20,"9,310",-,-,-,-,-,支払い,妖怪ウォッチ ぷにぷに,PayPay残高,-,-,04882099290004774912
2026/01/04 12:19:20,-,46,-,-,-,-,ポイント、残高の獲得,妖怪ウォッチ ぷにぷに,PayPayポイント,-,-,04882099290004774912
2026/01/04 12:18:45,-,"10,000",-,-,-,-,チャージ,PayPay,横浜銀行 *****13,-,-,02170950701420191757
2026/01/04 01:00:15,"1,000",-,-,-,-,-,支払い,Google,PayPay残高,-,-,04881749293119799297
2026/01/04 01:00:15,-,5,-,-,-,-,ポイント、残高の獲得,Google,PayPayポイント,-,-,04881749293119799297
2026/01/04 00:59:37,-,"1,000",-,-,-,-,チャージ,PayPay,横浜銀行 *****13,-,-,02170600678765420549
2026/01/04 00:57:44,"6,170",-,-,-,-,-,支払い,妖怪ウォッチ ぷにぷに,PayPay残高,-,-,04881747996039970816
2026/01/04 00:57:44,-,30,-,-,-,-,ポイント、残高の獲得,妖怪ウォッチ ぷにぷに,PayPayポイント,-,-,04881747996039970816
2026/01/04 00:57:14,-,"6,000",-,-,-,-,チャージ,PayPay,横浜銀行 *****13,-,-,02170599450404651018
2026/01/04 00:53:36,900,-,-,-,-,-,支払い,Google,PayPay残高,-,-,04881745865736142849
2026/01/04 00:53:36,-,4,-,-,-,-,ポイント、残高の獲得,Google,PayPayポイント,-,-,04881745865736142849
2026/01/03 19:19:04,-,11,-,-,-,-,ポイント、残高の獲得,マルエツ,PayPayポイント,-,-,04881573439979511813
2026/01/03 19:19:04,"2,316",-,-,-,-,-,支払い,マルエツ - 愛甲石田店,PayPay残高,-,-,04881573439979511813
2026/01/03 17:34:44,-,5,-,-,-,-,ポイント、残高の獲得,マクドナルドモバイルオーダー,PayPayポイント,-,-,04881519581089243144
2026/01/03 17:34:34,"1,150",-,-,-,-,-,支払い,マクドナルドモバイルオーダー,PayPay残高,-,-,04881519581089243144
2026/01/03 16:49:00,-,2,-,-,-,-,ポイント、残高の獲得,はんなりいなり,PayPayポイント,-,-,04881496096208101386
2026/01/03 16:49:00,550,-,-,-,-,-,支払い,はんなりいなり - はんなりいなり玉子レジ,PayPay残高,-,-,04881496096208101386
2026/01/03 16:48:45,-,"5,000",-,-,-,-,チャージ,PayPay,横浜銀行 *****13,-,-,02170347696601751557
2025/12/30 18:40:22,-,3,-,-,-,-,ポイント、残高の獲得,セブン-イレブン,PayPayポイント,-,-,04878584812755755014
2025/12/30 18:40:22,635,-,-,-,-,-,支払い,セブン-イレブン - 藤沢テラスモール湘南,PayPay残高,-,-,04878584812755755014
2025/12/30 14:33:00,"1,375",-,-,-,-,-,支払い,テラスモール湘南 - 石焼きビビンパの店　李家 むっとり,PayPay残高,-,-,04878457329536532483
2025/12/30 14:33:00,-,6,-,-,-,-,ポイント、残高の獲得,テラスモール湘南,PayPayポイント,-,-,04878457329536532483
2025/12/30 14:30:33,-,"1,000",-,-,-,-,チャージ,PayPay,横浜銀行 *****13,-,-,02167307778879062021
2025/12/28 21:40:16,"1,622",-,-,-,-,-,支払い,富士薬品グループ - ドラッグセイムス愛甲石田店,PayPay残高,-,-,04877193191812481027
2025/12/28 21:40:15,-,8,-,-,-,-,ポイント、残高の獲得,富士薬品グループ,PayPayポイント,-,-,04877193191812481027
2025/12/27 22:47:15,650,-,-,-,-,-,支払い,Google,PayPay残高,-,-,04876485553000824833
2025/12/27 22:47:15,-,3,-,-,-,-,ポイント、残高の獲得,Google,PayPayポイント,-,-,04876485553000824833
2025/12/27 21:48:05,"1,386",-,-,-,-,-,支払い,富士薬品グループ - ドラッグセイムス愛甲石田店,PayPay残高,-,-,04876455050143285251
2025/12/27 21:48:04,-,6,-,-,-,-,ポイント、残高の獲得,富士薬品グループ,PayPayポイント,-,-,04876455050143285251
2025/12/27 20:48:06,-,"2,000",-,-,-,JP,受け取った金額,ジユンコ,PayPay残高,-,-,02165275855619358727
2025/12/26 22:40:55,-,"1,000",-,-,-,JP,受け取った金額,ジユンコ,PayPay残高,-,-,02164591839129460738
2025/12/25 21:19:31,"4,616",-,-,-,-,-,支払い,しゃぶ葉 - 藤沢駅南口店,PayPay残高,-,-,04874955994888151041
2025/12/25 21:19:31,-,23,-,-,-,-,ポイント、残高の獲得,しゃぶ葉,PayPayポイント,-,-,04874955994888151041
2025/12/25 21:19:22,-,"5,000",-,-,-,-,チャージ,PayPay,横浜銀行 *****13,-,-,02163807629640982561
2025/12/24 20:51:40,"4,500",-,-,-,-,-,支払い,とろけるハンバーグ福よし - 海老名店,PayPay残高,-,-,04874199470757912580
2025/12/24 20:51:40,-,22,-,-,-,-,ポイント、残高の獲得,とろけるハンバーグ福よし,PayPayポイント,-,-,04874199470757912580
2025/12/24 20:49:36,-,"5,000",-,-,-,-,チャージ,PayPay,横浜銀行 *****13,-,-,02163050126258987015
2025/12/24 13:22:39,"2,930",-,-,-,-,-,支払い,ヨークマート - ヨークマート伊勢原成瀬店,PayPay残高,-,-,04873968049330610177
2025/12/24 13:22:39,-,14,-,-,-,-,ポイント、残高の獲得,ヨークマート,PayPayポイント,-,-,04873968049330610177
2025/12/23 21:47:35,-,13,-,-,-,-,ポイント、残高の獲得,富士薬品グループ,PayPayポイント,-,-,04873486111049842692
2025/12/23 21:47:35,"2,737",-,-,-,-,-,支払い,富士薬品グループ - ドラッグセイムス愛甲石田店,PayPay残高,-,-,04873486111049842692
2025/12/23 20:14:00,-,"2,500",-,-,-,JP,受け取った金額,ジユンコ,PayPay残高,-,-,02162289599218155526
2025/12/22 12:45:59,583,-,-,-,-,-,支払い,セブン-イレブン - 片柳学園,PayPay残高,-,-,04872464810776551424
2025/12/22 12:45:59,-,2,-,-,-,-,ポイント、残高の獲得,セブン-イレブン,PayPayポイント,-,-,04872464810776551424
2025/12/22 06:34:03,-,"2,000",-,-,-,JP,受け取った金額,ジユンコ,PayPay残高,-,-,02161124838447218688
2025/12/21 23:50:19,-,3,-,-,-,-,ポイント、残高の獲得,Google,PayPayポイント,-,-,04872065026630664192
2025/12/21 23:50:19,780,-,-,-,-,-,支払い,Google,PayPay残高,-,-,04872065026630664192
2025/12/19 11:53:47,"16,050",-,-,-,-,-,支払い,MASA - MASA,PayPay残高,-,-,04870211396055031808
2025/12/19 11:53:47,-,80,-,-,-,-,ポイント、残高の獲得,MASA,PayPayポイント,-,-,04870211396055031808
2025/12/18 19:56:27,-,"18,000",-,-,-,JP,受け取った金額,ジユンコ,PayPay残高,-,-,02158569710864072708
2025/12/17 16:45:55,-,4,-,-,-,-,ポイント、残高の獲得,マルエツ,PayPayポイント,-,-,04868877611141529609
2025/12/17 16:45:55,993,-,-,-,-,-,支払い,マルエツ - 愛甲石田店,PayPay残高,-,-,04868877611141529609
2025/12/17 16:35:49,-,"1,000",-,-,-,JP,受け取った金額,ジユンコ,PayPay残高,-,-,02157724134882705412
2025/12/16 16:13:41,160,-,-,-,-,-,支払い,Google,PayPay残高,-,-,04868118827857510404
2025/12/16 16:11:23,160,-,-,-,-,-,支払い,Google,PayPay残高,-,-,04868117642446348291
2025/12/16 16:09:13,160,-,-,-,-,-,支払い,Google,PayPay残高,-,-,04868116525755670528
2025/12/15 16:45:38,593,-,-,-,-,-,支払い,マルエツ - 愛甲石田店,PayPay残高,-,-,04867393133003194369
2025/12/15 16:45:38,-,2,-,-,-,-,ポイント、残高の獲得,マルエツ,PayPayポイント,-,-,04867393133003194369
2025/12/15 16:32:16,-,"1,000",-,-,-,JP,受け取った金額,ジユンコ,PayPay残高,-,-,02156237964528263172
2025/12/10 13:22:21,-,"1,000",-,-,-,-,ポイント、残高の獲得,Yahoo!ショッピング,PayPayポイント,-,-,lp-102895974642327552-c_07da7355-3c60-4434-94a5-01e0ef0c1fd4_sppf
2025/12/08 22:18:51,960,-,-,-,-,-,支払い,Steam,PayPay残高,-,-,04862369679123718145
2025/12/08 22:18:51,-,4,-,-,-,-,ポイント、残高の獲得,Steam,PayPayポイント,-,-,04862369679123718145
2025/12/08 12:28:12,-,4,-,-,-,-,ポイント、残高の獲得,マクドナルドモバイルオーダー,PayPayポイント,-,-,04862065148762021897
2025/12/08 12:28:00,830,-,-,-,-,-,支払い,マクドナルドモバイルオーダー,PayPay残高,-,-,04862065148762021897
2025/12/08 12:16:00,-,"2,000",-,-,-,JP,受け取った金額,ジユンコ,PayPay残高,-,-,02150910684663955470
2025/12/08 02:02:40,-,"1,000",-,-,-,-,チャージ,PayPay,横浜銀行 *****13,-,-,02150594575071436800
2025/12/07 21:42:43,-,18,-,-,-,-,ポイント、残高の獲得,富士薬品グループ,PayPayポイント,-,-,04861608877206732802
2025/12/07 21:42:43,"3,706",-,-,-,-,-,支払い,富士薬品グループ - ドラッグセイムス愛甲石田店,PayPay残高,-,-,04861608877206732802
2025/12/06 16:50:55,-,"4,000",-,-,-,JP,受け取った金額,ジユンコ,PayPay残高,-,-,02149568043527168005
2025/12/06 12:01:46,160,-,-,-,-,-,支払い,Google,PayPay残高,-,-,04860567296097861634
2025/12/06 11:55:05,160,-,-,-,-,-,支払い,Google,PayPay残高,-,-,04860563842943696900
2025/12/06 11:52:51,160,-,-,-,-,-,支払い,Google,PayPay残高,-,-,04860562700483133441
2025/12/05 20:29:33,510,-,-,-,-,-,支払い,みなとみらい東急スクエア - スターバックスコーヒー2,PayPay残高,-,-,04860086826696278020
2025/12/05 20:29:32,-,2,-,-,-,-,ポイント、残高の獲得,みなとみらい東急スクエア,PayPayポイント,-,-,04860086826696278020
2025/12/05 20:29:23,-,"1,000",-,-,-,-,チャージ,PayPay,横浜銀行 *****13,-,-,02148938470041673729
2025/12/05 19:44:08,"3,850",-,-,-,-,-,支払い,MARKIS　みなとみらい - 鎌倉パスタ,PayPay残高,-,-,04860063427714383880
2025/12/05 19:44:08,-,19,-,-,-,-,ポイント、残高の獲得,MARKIS　みなとみらい,PayPayポイント,-,-,04860063427714383880
2025/12/03 21:38:20,101,-,-,-,-,-,支払い,富士薬品グループ - ドラッグセイムス愛甲石田店,PayPay残高,-,-,04858637936658579457
2025/12/02 21:57:41,-,"1,000",-,-,-,JP,受け取った金額,ジユンコ,PayPay残高,-,-,02146757468467568640
2025/12/01 22:07:51,650,-,-,-,-,-,支払い,Google,PayPay残高,-,-,04857168808734187521
2025/12/01 22:07:50,-,3,-,-,-,-,ポイント、残高の獲得,Google,PayPayポイント,-,-,04857168808734187521
2025/12/01 21:47:28,650,-,-,-,-,-,支払い,Google,PayPay残高,-,-,04857158311834845185
2025/12/01 21:47:28,-,3,-,-,-,-,ポイント、残高の獲得,Google,PayPayポイント,-,-,04857158311834845185
2025/12/01 21:23:46,650,-,-,-,-,-,支払い,Google,PayPay残高,-,-,04857146096947568641
2025/12/01 21:23:46,-,3,-,-,-,-,ポイント、残高の獲得,Google,PayPayポイント,-,-,04857146096947568641
2025/11/30 22:10:32,-,34,-,-,-,-,ポイント、残高の獲得,ZOZOTOWN,PayPayポイント,-,-,04854982636021178369
2025/11/30 00:02:01,-,28,-,-,-,-,ポイント、残高の獲得,Amazon.co.jp,PayPayポイント,-,-,04855743300499423242
2025/11/30 00:02:00,"5,726",-,-,-,-,-,支払い,Amazon.co.jp,PayPay残高,-,-,04855743300499423242
2025/11/29 23:59:28,-,"10,000",-,-,-,-,チャージ,PayPay,横浜銀行 *****13,-,-,02144593724074303499
2025/11/29 21:48:46,560,-,-,-,-,-,支払い,マルエツ - 愛甲石田店,PayPay残高,-,-,04855674641152262145
2025/11/29 21:48:46,-,2,-,-,-,-,ポイント、残高の獲得,マルエツ,PayPayポイント,-,-,04855674641152262145
2025/11/29 21:11:25,-,"1,000",-,-,-,JP,受け取った金額,ジユンコ,PayPay残高,-,-,02144507103172894736
2025/11/29 21:11:00,-,3,-,-,-,-,ポイント、残高の獲得,富士薬品グループ,PayPayポイント,-,-,04855655167770165252
2025/11/29 21:11:00,756,-,-,-,-,-,支払い,富士薬品グループ - ドラッグセイムス愛甲石田店,PayPay残高,-,-,04855655167770165252
2025/11/28 23:26:07,"6,875",-,-,-,-,-,支払い,ZOZOTOWN,PayPay残高,-,-,04854982636021178369
2025/11/28 23:14:46,-,"7,000",-,-,-,JP,受け取った金額,ジユンコ,PayPay残高,-,-,02143828506930102276
2025/11/27 22:22:15,-,2,-,-,-,-,ポイント、残高の獲得,Steam,PayPayポイント,-,-,04854207549042737153
2025/11/27 22:22:15,470,-,-,-,-,-,支払い,Steam,PayPay残高,-,-,04854207549042737153
2025/11/25 14:51:20,"6,050",-,-,-,-,-,支払い,MASA - MASA,PayPay残高,-,-,04852490816254877696
2025/11/25 14:51:20,-,30,-,-,-,-,ポイント、残高の獲得,MASA,PayPayポイント,-,-,04852490816254877696
2025/11/25 13:50:56,102,-,-,-,-,-,支払い,ecute - ecute立川,PayPay残高,-,-,04852459677741965315
2025/11/25 13:32:22,-,4,-,-,-,-,ポイント、残高の獲得,マクドナルドモバイルオーダー,PayPayポイント,-,-,04852449953936023560
2025/11/25 13:32:04,820,-,-,-,-,-,支払い,マクドナルドモバイルオーダー,PayPay残高,-,-,04852449953936023560
2025/11/25 07:17:12,-,"8,000",-,-,-,JP,受け取った金額,ジユンコ,PayPay残高,-,-,02141108478371627010
2025/11/24 16:50:26,"1,596",-,-,-,-,-,支払い,イトーヨーカドー　専門店 - イトーヨーカドー立場店　専門店,PayPay残高,-,-,04851810029578510336
2025/11/24 16:50:26,-,7,-,-,-,-,ポイント、残高の獲得,イトーヨーカドー　専門店,PayPayポイント,-,-,04851810029578510336
2025/11/24 16:49:38,-,"1,000",-,-,-,-,チャージ,PayPay,横浜銀行 *****13,-,-,02140661337917415440
2025/11/24 15:23:43,-,2,-,-,-,-,ポイント、残高の獲得,マクドナルドモバイルオーダー,PayPayポイント,-,-,04851765258839744524
2025/11/24 15:23:35,460,-,-,-,-,-,支払い,マクドナルドモバイルオーダー,PayPay残高,-,-,04851765258839744524
2025/11/22 23:27:32,150,-,-,-,-,-,支払い,Google,PayPay残高,-,-,04850530344073560065
2025/11/22 22:15:14,150,-,-,-,-,-,支払い,Google,PayPay残高,-,-,04850493089527037953
2025/11/22 22:14:17,150,-,-,-,-,-,支払い,Google,PayPay残高,-,-,04850492591310446594
2025/11/22 21:45:14,-,23,-,-,-,-,ポイント、残高の獲得,富士薬品グループ,PayPayポイント,-,-,04850477619054526468
2025/11/22 21:45:14,"4,662",-,-,-,-,-,支払い,富士薬品グループ - ドラッグセイムス愛甲石田店,PayPay残高,-,-,04850477619054526468
2025/11/22 18:17:53,-,"6,000",-,-,-,JP,受け取った金額,ジユンコ,PayPay残高,-,-,02139222480922591244
2025/11/21 23:51:22,780,-,-,-,-,-,支払い,Google,PayPay残高,-,-,04849800465920991232
2025/11/21 23:51:22,-,3,-,-,-,-,ポイント、残高の獲得,Google,PayPayポイント,-,-,04849800465920991232
2025/11/21 23:51:11,-,"1,000",-,-,-,-,チャージ,PayPay,横浜銀行 *****13,-,-,02138652092086779911
2025/11/20 23:09:13,160,-,-,-,-,-,支払い,Google,PayPay残高,-,-,04849036571627905026
2025/11/20 22:58:57,160,-,-,-,-,-,支払い,Google,PayPay残高,-,-,04849031280227508225
2025/11/20 18:48:29,160,-,-,-,-,-,支払い,Google,PayPay残高,-,-,04848902182100582409
2025/11/19 00:25:44,160,-,-,-,-,-,支払い,Google,PayPay残高,-,-,04847591658729668609
2025/11/19 00:18:50,160,-,-,-,-,-,支払い,Google,PayPay残高,-,-,04847588102496968709
2025/11/19 00:16:52,160,-,-,-,-,-,支払い,Google,PayPay残高,-,-,04847587088884162563
2025/11/19 00:15:54,-,"1,000",-,-,-,-,チャージ,PayPay,横浜銀行 *****13,-,-,02136438319913558026
2025/11/17 22:14:52,160,-,-,-,-,-,支払い,Google,PayPay残高,-,-,04846782048803815426
2025/11/16 21:40:40,383,-,-,-,-,-,支払い,富士薬品グループ - ドラッグセイムス愛甲石田店,PayPay残高,-,-,04846022251908988928
2025/11/16 21:40:40,-,1,-,-,-,-,ポイント、残高の獲得,富士薬品グループ,PayPayポイント,-,-,04846022251908988928
2025/11/15 21:37:28,"4,793",-,-,-,-,-,支払い,富士薬品グループ - ドラッグセイムス愛甲石田店,PayPay残高,-,-,04845278432292331520
2025/11/15 21:37:28,-,23,-,-,-,-,ポイント、残高の獲得,富士薬品グループ,PayPayポイント,-,-,04845278432292331520
2025/11/15 21:06:46,-,"5,000",-,-,-,JP,受け取った金額,ジユンコ,PayPay残高,-,-,02134114321698725901
2025/11/14 12:57:52,-,3,-,-,-,-,ポイント、残高の獲得,Google,PayPayポイント,-,-,04844268453552914433
2025/11/14 12:57:52,650,-,-,-,-,-,支払い,Google,PayPay残高,-,-,04844268453552914433
2025/11/13 11:01:36,140,-,-,-,-,-,支払い,ヤマト運輸 - 伊勢原下糟屋営業所（伊勢原下糟屋,PayPay残高,-,-,04843466359821131779
2025/11/07 18:14:37,753,-,-,-,-,-,支払い,マルエツ - 愛甲石田店,PayPay残高,-,-,04839236521407913984
2025/11/07 18:14:37,-,3,-,-,-,-,ポイント、残高の獲得,マルエツ,PayPayポイント,-,-,04839236521407913984
2025/11/07 11:06:35,-,"2,000",-,-,-,JP,受け取った金額,ジユンコ,PayPay残高,-,-,02127867626774126600
2025/11/06 23:24:16,650,-,-,-,-,-,支払い,Google,PayPay残高,-,-,04838653943453679616
2025/11/06 23:24:16,-,3,-,-,-,-,ポイント、残高の獲得,Google,PayPayポイント,-,-,04838653943453679616
2025/11/06 23:11:56,-,19,-,-,-,-,ポイント、残高の獲得,Google,PayPayポイント,-,-,04838647578311827456
2025/11/06 23:11:56,"3,900",-,-,-,-,-,支払い,Google,PayPay残高,-,-,04838647578311827456
2025/11/06 22:34:57,650,-,-,-,-,-,支払い,Google,PayPay残高,-,-,04838628525837205504
2025/11/06 22:34:57,-,3,-,-,-,-,ポイント、残高の獲得,Google,PayPayポイント,-,-,04838628525837205504
2025/11/06 22:24:19,650,-,-,-,-,-,支払い,Google,PayPay残高,-,-,04838623045459066880
2025/11/06 22:24:19,-,3,-,-,-,-,ポイント、残高の獲得,Google,PayPayポイント,-,-,04838623045459066880
2025/11/06 22:11:36,650,-,-,-,-,-,支払い,Google,"PayPayポイント (110円), PayPay残高 (540円)",-,-,04838616491338473472
2025/11/06 22:11:36,-,2,-,-,-,-,ポイント、残高の獲得,Google,PayPayポイント,-,-,04838616491338473472
2025/11/04 12:07:55,-,"2,000",-,-,-,JP,受け取った金額,ジユンコ,PayPay残高,-,-,02125672735277105152
2025/11/03 14:10:19,167,-,-,-,-,-,支払い,セブン-イレブン - 川崎西生田,"PayPayポイント (29円), PayPay残高 (138円)",-,-,04836141928750678017
2025/11/01 21:11:41,-,"1,000",-,-,-,JP,受け取った金額,ジユンコ,PayPay残高,-,-,02123726479436873730
2025/11/01 20:16:38,-,"2,000",-,-,-,JP,受け取った金額,ジユンコ,PayPay残高,-,-,02123698106882883588
2025/11/01 05:32:36,"1,500",-,-,-,-,-,期間限定ポイントの期限切れ,-,PayPayポイント,-,-,04008990446336663564
2025/11/01 01:16:12,-,4,-,-,-,-,ポイント、残高の獲得,Google,PayPayポイント,-,-,04834258602770825219
2025/11/01 01:16:12,"1,000",-,-,-,-,-,支払い,Google,"PayPayポイント (9円), PayPay残高 (991円)",-,-,04834258602770825219
2025/10/30 12:46:07,-,4,-,-,-,-,ポイント、残高の獲得,マクドナルドモバイルオーダー,PayPayポイント,-,-,04833129747926704132
2025/10/30 12:45:56,"1,010",-,-,-,-,-,支払い,マクドナルドモバイルオーダー,"PayPayポイント (12円), PayPay残高 (998円)",-,-,04833129747926704132
2025/10/30 12:42:08,10,-,-,-,-,-,支払い,妖怪ウォッチ ぷにぷに,PayPayポイント,-,-,04833127798011789313
2025/10/30 06:31:38,-,"2,000",-,-,-,JP,受け取った金額,ジユンコ,PayPay残高,-,-,02121788555830132736
2025/10/27 15:29:25,-,390,-,-,-,JP,受け取った金額,まつもと,PayPay残高,-,-,02119839224795062276
2025/10/26 21:42:34,-,17,-,-,-,-,ポイント、残高の獲得,富士薬品グループ,PayPayポイント,-,-,04830437645244129284
2025/10/26 21:42:34,"3,495",-,-,-,-,-,支払い,富士薬品グループ - ドラッグセイムス愛甲石田店,"PayPayポイント (5円), PayPay残高 (3,490円)",-,-,04830437645244129284
2025/10/26 21:07:24,-,"4,000",-,-,-,JP,受け取った金額,ジユンコ,PayPay残高,-,-,02119271249729937419
2025/10/25 21:45:14,-,7,-,-,-,-,ポイント、残高の獲得,富士薬品グループ,PayPayポイント,-,-,04829696849284308993
2025/10/25 21:45:14,"1,580",-,-,-,-,-,支払い,富士薬品グループ - ドラッグセイムス愛甲石田店,"PayPayポイント (4円), PayPay残高 (1,576円)",-,-,04829696849284308993
2025/10/25 16:56:35,-,"2,000",-,-,-,JP,受け取った金額,ジユンコ,PayPay残高,-,-,02118399809455538180
2025/10/22 17:26:42,650,-,-,-,-,-,支払い,Google,PayPay残高,-,-,04827337099761770499
2025/10/22 17:26:42,-,3,-,-,-,-,ポイント、残高の獲得,Google,PayPayポイント,-,-,04827337099761770499
2025/10/22 16:39:23,"5,626",-,-,-,-,-,支払い,富士薬品グループ - ドラッグセイムス愛甲石田店,"PayPayポイント (9円), PayPay残高 (5,617円)",-,-,04827312704346595331
2025/10/22 16:39:22,-,28,-,-,-,-,ポイント、残高の獲得,富士薬品グループ,PayPayポイント,-,-,04827312704346595331
2025/10/22 16:15:07,-,"6,000",-,-,-,JP,受け取った金額,ジユンコ,PayPay残高,-,-,02116151918060273665
2025/10/20 00:15:46,650,-,-,-,-,-,支払い,Google,PayPay残高,-,-,04825321420069208064
2025/10/20 00:15:46,-,3,-,-,-,-,ポイント、残高の獲得,Google,PayPayポイント,-,-,04825321420069208064
2025/10/19 15:51:01,-,500,-,-,-,JP,受け取った金額,まな,PayPay残高,-,-,02113912994560294920
2025/10/19 12:54:09,-,3,-,-,-,-,ポイント、残高の獲得,Google,PayPayポイント,-,-,04824970108924690438
2025/10/19 12:54:09,650,-,-,-,-,-,支払い,Google,PayPay残高,-,-,04824970108924690438
2025/10/19 09:36:39,-,"1,000",-,-,-,-,チャージ,PayPay,横浜銀行 *****13,-,-,02113720047449276417
2025/10/18 22:47:33,-,3,-,-,-,-,ポイント、残高の獲得,Google,PayPayポイント,-,-,04824533774606770180
2025/10/18 22:47:33,650,-,-,-,-,-,支払い,Google,"PayPayポイント (2円), PayPay残高 (648円)",-,-,04824533774606770180
2025/10/17 23:35:23,650,-,-,-,-,-,支払い,Google,PayPay残高,-,-,04823816265959849984
2025/10/17 23:35:23,-,3,-,-,-,-,ポイント、残高の獲得,Google,PayPayポイント,-,-,04823816265959849984
2025/10/17 23:09:32,650,-,-,-,-,-,支払い,Google,PayPay残高,-,-,04823802942972452866
2025/10/17 23:09:32,-,3,-,-,-,-,ポイント、残高の獲得,Google,PayPayポイント,-,-,04823802942972452866
2025/10/17 00:17:19,-,3,-,-,-,-,ポイント、残高の獲得,Google,PayPayポイント,-,-,04823095699296935936
2025/10/17 00:17:19,650,-,-,-,-,-,支払い,Google,PayPay残高,-,-,04823095699296935936
2025/10/16 21:57:04,160,-,-,-,-,-,支払い,Google,"PayPayポイント (110円), PayPay残高 (50円)",-,-,04823023414997581825
2025/10/16 11:19:32,-,4,-,-,-,-,ポイント、残高の獲得,妖怪ウォッチ ぷにぷに,PayPayポイント,-,-,04822694832819339267
2025/10/16 11:19:32,950,-,-,-,-,-,支払い,妖怪ウォッチ ぷにぷに,PayPay残高,-,-,04822694832819339267
2025/10/16 11:18:18,150,-,-,-,-,-,支払い,妖怪ウォッチ ぷにぷに,PayPay残高,-,-,04822694205754654723
2025/10/13 15:09:44,-,2,-,-,-,-,ポイント、残高の獲得,セブン-イレブン,PayPayポイント,-,-,04820586965947203592
2025/10/13 15:09:44,408,-,-,-,-,-,支払い,セブン-イレブン - 片柳学園,PayPay残高,-,-,04820586965947203592
2025/10/13 11:57:29,149,-,-,-,-,-,支払い,セブン-イレブン - 八王子みなみ野駅前,"PayPayポイント (4円), PayPay残高 (145円)",-,-,04820487881052676101
2025/10/13 00:08:56,650,-,-,-,-,-,支払い,Google,PayPay残高,-,-,04820122697163857921
2025/10/13 00:08:55,-,3,-,-,-,-,ポイント、残高の獲得,Google,PayPayポイント,-,-,04820122697163857921
2025/10/12 23:31:01,-,3,-,-,-,-,ポイント、残高の獲得,Google,PayPayポイント,-,-,04820103155062939650
2025/10/12 23:31:01,650,-,-,-,-,-,支払い,Google,PayPay残高,-,-,04820103155062939650
2025/10/12 22:39:00,650,-,-,-,-,-,支払い,Google,PayPay残高,-,-,04820076354465677312
2025/10/12 22:39:00,-,3,-,-,-,-,ポイント、残高の獲得,Google,PayPayポイント,-,-,04820076354465677312
2025/10/12 11:45:15,360,-,-,-,-,-,支払い,Panz - Panz,PayPay残高,-,-,04819739405692477443
2025/10/12 11:45:14,-,1,-,-,-,-,ポイント、残高の獲得,Panz,PayPayポイント,-,-,04819739405692477443
2025/10/11 21:44:03,"3,538",-,-,-,-,-,支払い,富士薬品グループ - ドラッグセイムス愛甲石田店,"PayPayポイント (4円), PayPay残高 (3,534円)",-,-,04819305863103922176
2025/10/11 21:44:03,-,17,-,-,-,-,ポイント、残高の獲得,富士薬品グループ,PayPayポイント,-,-,04819305863103922176
2025/10/11 20:18:38,-,"2,000",-,-,-,JP,受け取った金額,ジユンコ,PayPay残高,-,-,02108113560348696576
2025/10/08 17:10:48,610,-,-,-,-,-,支払い,Google,PayPay残高,-,-,04816938520079523843
2025/10/08 17:10:48,-,3,-,-,-,-,ポイント、残高の獲得,Google,PayPayポイント,-,-,04816938520079523843
2025/10/08 16:48:44,-,410,-,-,-,-,ポイント、残高の獲得,ヨークマート,PayPayポイント,-,-,04816927138415714313
2025/10/08 16:48:44,"2,137",-,-,-,-,-,支払い,ヨークマート - ヨークマート伊勢原成瀬店,PayPay残高,-,-,04816927138415714313
2025/10/08 16:28:03,-,"3,000",-,-,-,JP,受け取った金額,ジユンコ,PayPay残高,-,-,02105768207557050368
2025/10/07 22:25:25,-,600,-,-,-,-,返金,Amazonプライム会費,PayPay残高,-,-,04809389127212081158
2025/10/07 22:25:25,3,-,-,-,-,-,ポイント、残高の取消,-,PayPayポイント,-,-,04809389127212081158
2025/10/07 18:56:50,-,"2,178",-,-,-,-,返金,Amazon Downloads,PayPay残高,-,-,04816249676044664835
2025/10/07 18:56:49,410,-,-,-,-,-,ポイント、残高の取消,-,PayPayポイント,-,-,04816249676044664835
2025/10/07 18:55:16,-,10,-,-,-,-,ポイント、残高の獲得,Amazon Downloads,PayPayポイント,-,-,04816250174260584450
2025/10/07 18:55:14,"2,178",-,-,-,-,-,支払い,Amazon Downloads,PayPay残高,-,-,04816250174260584450
2025/10/07 18:54:18,-,410,-,-,-,-,ポイント、残高の獲得,Amazon Downloads,PayPayポイント,-,-,04816249676044664835
2025/10/07 18:54:17,"2,178",-,-,-,-,-,支払い,Amazon Downloads,PayPay残高,-,-,04816249676044664835
2025/10/07 18:48:11,-,"8,000",-,-,-,-,チャージ,PayPay,横浜銀行 *****13,-,-,02105098252788932634
2025/10/07 18:47:55,-,100,-,-,-,-,ポイント、残高の獲得,お店,PayPayポイント,-,-,00000000000208914068
2025/10/04 21:51:44,"3,707",-,-,-,-,-,支払い,富士薬品グループ - ドラッグセイムス愛甲石田店,"PayPayポイント (33円), PayPay残高 (3,674円)",-,-,04814114630620971008
2025/10/04 21:51:44,-,18,-,-,-,-,ポイント、残高の獲得,富士薬品グループ,PayPayポイント,-,-,04814114630620971008
2025/10/04 16:53:32,-,"5,000",-,-,-,JP,受け取った金額,ジユンコ,PayPay残高,-,-,02102812651582128133
2025/10/04 01:01:14,650,-,-,-,-,-,支払い,Google,PayPay残高,-,-,04813470119239491584
2025/10/04 01:01:13,-,3,-,-,-,-,ポイント、残高の獲得,Google,PayPayポイント,-,-,04813470119239491584
2025/10/04 00:50:17,-,3,-,-,-,-,ポイント、残高の獲得,Google,PayPayポイント,-,-,04813464475651743744
2025/10/04 00:50:17,650,-,-,-,-,-,支払い,Google,PayPay残高,-,-,04813464475651743744
2025/10/04 00:47:20,"1,000",-,-,-,-,-,支払い,Google,PayPay残高,-,-,04813462963823804416
2025/10/04 00:47:20,-,5,-,-,-,-,ポイント、残高の獲得,Google,PayPayポイント,-,-,04813462963823804416
2025/10/02 08:43:42,160,-,-,-,-,-,支払い,Google,"PayPayポイント (11円), PayPay残高 (149円)",-,-,04812224140636020738
2025/10/01 18:03:30,-,6,-,-,-,-,ポイント、残高の獲得,Google,PayPayポイント,-,-,04811770480420462593
2025/10/01 18:03:30,"1,220",-,-,-,-,-,支払い,Google,PayPay残高,-,-,04811770480420462593
2025/10/01 18:02:59,-,3,-,-,-,-,ポイント、残高の獲得,Google,PayPayポイント,-,-,04811770214132490245
2025/10/01 18:02:59,610,-,-,-,-,-,支払い,Google,"PayPayポイント (6円), PayPay残高 (604円)",-,-,04811770214132490245
2025/09/30 14:06:49,"1,363",-,-,-,-,-,支払い,AU BON PAIN PAINPRO JAPON - 八王子店,PayPay残高,-,-,04810906333000515587
2025/09/30 14:06:49,-,6,-,-,-,-,ポイント、残高の獲得,AU BON PAIN PAINPRO JAPON,PayPayポイント,-,-,04810906333000515587
2025/09/30 13:23:12,990,-,-,-,-,-,支払い,茨城豚骨　美しょう - 茨城豚骨　美しょう,"PayPayポイント (9円), PayPay残高 (981円)",-,-,04810883853142327297
2025/09/30 13:23:12,-,4,-,-,-,-,ポイント、残高の獲得,茨城豚骨　美しょう,PayPayポイント,-,-,04810883853142327297
2025/09/30 13:22:12,-,"1,000",-,-,-,JP,受け取った金額,ジユンコ,PayPay残高,-,-,02099735049816588292
2025/09/29 16:54:45,-,1,-,-,-,-,ポイント、残高の獲得,マルエツ,PayPayポイント,-,-,04810250714830946304
2025/09/29 16:54:45,301,-,-,-,-,-,支払い,マルエツ - 愛甲石田店,"PayPayポイント (7円), PayPay残高 (294円)",-,-,04810250714830946304
2025/09/29 16:46:33,-,"2,000",-,-,-,JP,受け取った金額,ジユンコ,PayPay残高,-,-,02099098200655454211
2025/09/28 13:03:06,-,3,-,-,-,-,ポイント、残高の獲得,Amazonプライム会費,PayPayポイント,-,-,04809389127212081158
2025/09/28 13:03:04,600,-,-,-,-,-,支払い,Amazonプライム会費,PayPay残高,-,-,04809389127212081158
2025/09/27 21:49:37,"2,355",-,-,-,-,-,支払い,富士薬品グループ - ドラッグセイムス愛甲石田店,"PayPayポイント (2円), PayPay残高 (2,353円)",-,-,04808918338666651653
2025/09/27 21:49:36,-,11,-,-,-,-,ポイント、残高の獲得,富士薬品グループ,PayPayポイント,-,-,04808918338666651653
2025/09/27 18:06:37,-,"1,000",-,-,-,JP,受け取った金額,ジユンコ,PayPay残高,-,-,02097655126004047873
2025/09/27 18:02:00,-,"2,000",-,-,-,JP,受け取った金額,ジユンコ,PayPay残高,-,-,02097652755181780994
2025/09/26 12:32:03,-,5,-,-,-,-,ポイント、残高の獲得,マクドナルドモバイルオーダー,PayPayポイント,-,-,04807888706157166594
2025/09/26 12:31:52,"1,080",-,-,-,-,-,支払い,マクドナルドモバイルオーダー,"PayPayポイント (8円), PayPay残高 (1,072円)",-,-,04807888706157166594
2025/09/25 07:14:40,-,"2,000",-,-,-,JP,受け取った金額,ジユンコ,PayPay残高,-,-,02095834781423509506
2025/09/24 12:52:35,-,4,-,-,-,-,ポイント、残高の獲得,吉野家,PayPayポイント,-,-,04806415042746466312
2025/09/24 12:52:35,940,-,-,-,-,-,支払い,吉野家 - 東京工科大学店,"PayPayポイント (18円), PayPay残高 (922円)",-,-,04806415042746466312
2025/09/22 12:46:30,833,-,-,-,-,-,支払い,吉野家 - 東京工科大学店,"PayPayポイント (19円), PayPay残高 (814円)",-,-,04804927575312891904
2025/09/22 12:46:30,-,4,-,-,-,-,ポイント、残高の獲得,吉野家,PayPayポイント,-,-,04804927575312891904
2025/09/22 06:58:44,-,"2,000",-,-,-,JP,受け取った金額,ジユンコ,PayPay残高,-,-,02093600049810014208
2025/09/22 00:14:23,"1,130",-,-,-,-,-,支払い,Appleサービス,"PayPayポイント (36円), PayPay残高 (1,094円)",-,-,04804539937335140353
2025/09/22 00:14:23,-,5,-,-,-,-,ポイント、残高の獲得,Appleサービス,PayPayポイント,-,-,04804539937335140353
2025/09/20 13:58:00,160,-,-,-,-,-,支払い,Google,PayPay残高,-,-,04803480076845473801
2025/09/20 13:34:22,160,-,-,-,-,-,支払い,Google,PayPay残高,-,-,04803467904907591684
2025/09/20 12:30:38,160,-,-,-,-,-,支払い,Google,PayPay残高,-,-,04803435056997654528
2025/09/20 12:13:04,160,-,-,-,-,-,支払い,Google,"PayPayポイント (5円), PayPay残高 (155円)",-,-,04803425994617184260
2025/09/18 11:24:24,400,-,-,-,-,-,支払い,日本工学院,PayPay残高,-,-,04801916579900203008
2025/09/18 11:24:24,-,2,-,-,-,-,ポイント、残高の獲得,日本工学院,PayPayポイント,-,-,04801916579900203008
2025/09/17 17:31:58,160,-,-,-,-,-,支払い,Google,PayPay残高,-,-,04801363851968946176
2025/09/17 17:21:40,160,-,-,-,-,-,支払い,Google,PayPay残高,-,-,04801358543389179904
2025/09/17 00:09:23,150,-,-,-,-,-,支払い,Google,PayPay残高,-,-,04800826500020101122
2025/09/16 14:48:30,"16,500",-,-,-,-,-,支払い,SB / YMショップ - ソフトバンクジアウトレット湘南平塚,"PayPayポイント (46円), PayPay残高 (16,454円)",-,-,04800537431539867651
2025/09/16 14:48:30,-,82,-,-,-,-,ポイント、残高の獲得,SB / YMショップ,PayPayポイント,-,-,04800537431539867651
2025/09/16 14:15:31,-,"20,000",-,-,-,JP,受け取った金額,ジユンコ,PayPay残高,-,-,02089372152721440768
2025/09/15 22:10:33,"1,842",-,-,-,-,-,支払い,セブン-イレブン - 伊勢原沼目６丁目,PayPay残高,-,-,04800023083436523521
2025/09/15 22:10:32,-,9,-,-,-,-,ポイント、残高の獲得,セブン-イレブン,PayPayポイント,-,-,04800023083436523521
2025/09/15 21:53:09,-,"1,000",-,-,-,JP,受け取った金額,ジユンコ,PayPay残高,-,-,02088865836207308808
2025/09/15 13:41:14,-,19,-,-,-,-,ポイント、残高の獲得,ヨークマート,PayPayポイント,-,-,04799760583624925192
2025/09/15 13:41:14,"3,898",-,-,-,-,-,支払い,ヨークマート - ヨークマート伊勢原成瀬店,PayPay残高,-,-,04799760583624925192
2025/09/15 12:34:13,-,"5,000",-,-,-,JP,受け取った金額,ジユンコ,PayPay残高,-,-,02088577764160765961
2025/09/13 21:50:42,961,-,-,-,-,-,支払い,富士薬品グループ - ドラッグセイムス愛甲石田店,PayPay残高,-,-,04798528520716410880
2025/09/13 21:50:42,-,4,-,-,-,-,ポイント、残高の獲得,富士薬品グループ,PayPayポイント,-,-,04798528520716410880
2025/09/13 15:19:35,-,"1,000",-,-,-,JP,受け取った金額,ジユンコ,PayPay残高,-,-,02087178652794175488
2025/09/12 14:38:57,-,"1,500",-,-,-,-,ポイント、残高の獲得,Yahoo!ショッピング,PayPayポイント,-,-,lp-102895974642327552-c_5fb6c8f0-99a5-402d-b3c7-46188d743ca1_sppf
2025/09/11 12:04:10,-,4,-,-,-,-,ポイント、残高の獲得,吉野家,PayPayポイント,-,-,04796741874450497543
2025/09/11 12:04:10,987,-,-,-,-,-,支払い,吉野家 - 東京工科大学店,"PayPayポイント (35円), PayPay残高 (952円)",-,-,04796741874450497543
2025/09/10 22:53:57,-,"2,000",-,-,-,JP,受け取った金額,ジユンコ,PayPay残高,-,-,02085186329134923776
2025/09/07 20:01:46,-,"1,000",-,-,-,JP,受け取った金額,ジユンコ,PayPay残高,-,-,02082871066881384452
2025/09/04 18:56:39,-,3,-,-,-,-,ポイント、残高の獲得,妖怪ウォッチ ぷにぷに,PayPayポイント,-,-,04791759274297212937
2025/09/04 18:56:39,617,-,-,-,-,-,支払い,妖怪ウォッチ ぷにぷに,PayPay残高,-,-,04791759274297212937
2025/09/04 11:09:18,-,3,-,-,-,-,ポイント、残高の獲得,妖怪ウォッチ ぷにぷに,PayPayポイント,-,-,04791518403941597190
2025/09/04 11:09:18,617,-,-,-,-,-,支払い,妖怪ウォッチ ぷにぷに,PayPay残高,-,-,04791518403941597190
2025/09/04 11:09:02,-,3,-,-,-,-,ポイント、残高の獲得,妖怪ウォッチ ぷにぷに,PayPayポイント,-,-,04791518266502864901
2025/09/04 11:09:02,617,-,-,-,-,-,支払い,妖怪ウォッチ ぷにぷに,PayPay残高,-,-,04791518266502864901
2025/09/04 08:38:07,617,-,-,-,-,-,支払い,妖怪ウォッチ ぷにぷに,PayPay残高,-,-,04791440493234839553
2025/09/04 08:38:07,-,3,-,-,-,-,ポイント、残高の獲得,妖怪ウォッチ ぷにぷに,PayPayポイント,-,-,04791440493234839553
2025/09/04 00:02:06,"4,380",-,-,-,-,-,支払い,Appleサービス,PayPay残高,-,-,04791174540270166018
2025/09/04 00:02:06,-,21,-,-,-,-,ポイント、残高の獲得,Appleサービス,PayPayポイント,-,-,04791174540270166018
2025/09/02 20:49:26,-,6,-,-,-,-,ポイント、残高の獲得,妖怪ウォッチ ぷにぷに,PayPayポイント,-,-,04790333061687705602
2025/09/02 20:49:26,"1,368",-,-,-,-,-,支払い,妖怪ウォッチ ぷにぷに,PayPay残高,-,-,04790333061687705602
2025/09/02 20:06:55,"1,032",-,-,-,-,-,支払い,セブン-イレブン - 伊勢原沼目６丁目,PayPay残高,-,-,04790311157354233858
2025/09/02 20:06:55,-,5,-,-,-,-,ポイント、残高の獲得,セブン-イレブン,PayPayポイント,-,-,04790311157354233858
2025/09/02 19:49:19,-,"2,000",-,-,-,JP,受け取った金額,ジユンコ,PayPay残高,-,-,02079153798456942600
2025/09/02 13:58:24,183,-,-,-,-,-,支払い,セブン-イレブン - 伊勢原石田,"PayPayポイント (8円), PayPay残高 (175円)",-,-,04790121216720592902
2025/09/02 13:57:26,-,"6,000",-,-,-,-,チャージ,PayPay,セブン銀行ATM,-,-,02078972447758696455
2025/09/01 05:12:18,"1,368",-,-,-,-,-,支払い,妖怪ウォッチ ぷにぷに,PayPay残高,-,-,04789107905084604417
2025/09/01 05:12:18,-,6,-,-,-,-,ポイント、残高の獲得,妖怪ウォッチ ぷにぷに,PayPayポイント,-,-,04789107905084604417
2025/09/01 05:11:22,150,-,-,-,-,-,支払い,妖怪ウォッチ ぷにぷに,PayPay残高,-,-,04789107415458373633
2025/08/31 21:39:12,"1,830",-,-,-,-,-,支払い,富士薬品グループ - ドラッグセイムス愛甲石田店,PayPay残高,-,-,04788874379123359744
2025/08/31 21:39:12,-,9,-,-,-,-,ポイント、残高の獲得,富士薬品グループ,PayPayポイント,-,-,04788874379123359744
2025/08/31 20:04:31,-,"2,000",-,-,-,JP,受け取った金額,ジユンコ,PayPay残高,-,-,02077677291779686430
2025/08/30 21:48:21,"1,461",-,-,-,-,-,支払い,富士薬品グループ - ドラッグセイムス愛甲石田店,"PayPayポイント (16円), PayPay残高 (1,445円)",-,-,04788136924648808448
2025/08/30 21:48:21,-,7,-,-,-,-,ポイント、残高の獲得,富士薬品グループ,PayPayポイント,-,-,04788136924648808448
2025/08/30 20:03:37,-,"1,000",-,-,-,JP,受け取った金額,ジユンコ,PayPay残高,-,-,02076934657575518212
2025/08/28 13:33:08,-,2,-,-,-,-,ポイント、残高の獲得,Amazonプライム会費,PayPayポイント,-,-,04786397334044336128
2025/08/28 13:33:06,600,-,-,-,-,-,支払い,Amazonプライム会費,"PayPayポイント (43円), PayPay残高 (557円)",-,-,04786397334044336128
2025/08/27 14:44:03,"1,760",-,-,-,-,-,支払い,Appleサービス,"PayPayポイント (2円), PayPay残高 (1,758円)",-,-,04785691731045408768
2025/08/27 14:44:03,-,8,-,-,-,-,ポイント、残高の獲得,Appleサービス,PayPayポイント,-,-,04785691731045408768
2025/08/26 17:55:41,-,"5,000",-,-,-,-,チャージ,PayPay,セブン銀行ATM,-,-,02073900048431988742
2025/08/24 22:32:25,"3,705",-,-,-,-,-,支払い,妖怪ウォッチ ぷにぷに,"PayPayポイント (19円), PayPay残高 (3,686円)",-,-,04783706614339928064
2025/08/24 22:32:25,-,18,-,-,-,-,ポイント、残高の獲得,妖怪ウォッチ ぷにぷに,PayPayポイント,-,-,04783706614339928064
2025/08/23 21:50:28,"3,928",-,-,-,-,-,支払い,富士薬品グループ - ドラッグセイムス愛甲石田店,PayPay残高,-,-,04782942823127408640
2025/08/23 21:50:28,-,19,-,-,-,-,ポイント、残高の獲得,富士薬品グループ,PayPayポイント,-,-,04782942823127408640
2025/08/23 20:23:26,-,"5,000",-,-,-,JP,受け取った金額,ジユンコ,PayPay残高,-,-,02071749687155433472
2025/08/22 13:58:35,"4,655",-,-,-,-,-,支払い,妖怪ウォッチ ぷにぷに,PayPay残高,-,-,04781957445959639041
2025/08/22 13:58:35,-,23,-,-,-,-,ポイント、残高の獲得,妖怪ウォッチ ぷにぷに,PayPayポイント,-,-,04781957445959639041
2025/08/22 13:57:48,"2,755",-,-,-,-,-,支払い,妖怪ウォッチ ぷにぷに,"PayPayポイント (5円), PayPay残高 (2,750円)",-,-,04781957042233606145
2025/08/22 13:57:48,-,13,-,-,-,-,ポイント、残高の獲得,妖怪ウォッチ ぷにぷに,PayPayポイント,-,-,04781957042233606145
2025/08/22 11:29:43,-,"10,000",-,-,-,-,チャージ,PayPay,セブン銀行ATM,-,-,02070732432741842962
2025/08/20 20:23:08,-,5,-,-,-,-,ポイント、残高の獲得,Appleサービス,PayPayポイント,-,-,04780671292230664195
2025/08/20 20:23:08,"1,120",-,-,-,-,-,支払い,Appleサービス,PayPay残高,-,-,04780671292230664195
2025/08/17 17:19:19,"9,310",-,-,-,-,-,支払い,妖怪ウォッチ ぷにぷに,"PayPayポイント (14円), PayPay残高 (9,296円)",-,-,04778350051382894592
2025/08/17 17:19:19,-,46,-,-,-,-,ポイント、残高の獲得,妖怪ウォッチ ぷにぷに,PayPayポイント,-,-,04778350051382894592
2025/08/17 17:16:34,-,"10,000",-,-,-,-,チャージ,PayPay,セブン銀行ATM,-,-,02067200346122240009
2025/08/12 18:47:19,320,-,-,-,-,-,支払い,Appleサービス,"PayPayポイント (7円), PayPay残高 (313円)",-,-,04774684554489634820
2025/08/12 18:47:19,-,1,-,-,-,-,ポイント、残高の獲得,Appleサービス,PayPayポイント,-,-,04774684554489634820
2025/08/10 21:48:18,31,-,-,-,-,-,支払い,富士薬品グループ - ドラッグセイムス愛甲石田店,PayPay残高,-,-,04773293483301470214
2025/08/09 21:49:02,"4,534",-,-,-,-,-,支払い,富士薬品グループ - ドラッグセイムス愛甲石田店,PayPay残高,-,-,04772551699499974658
2025/08/09 21:49:02,-,22,-,-,-,-,ポイント、残高の獲得,富士薬品グループ,PayPayポイント,-,-,04772551699499974658
2025/08/09 21:20:10,-,"4,000",-,-,-,JP,受け取った金額,ジユンコ,PayPay残高,-,-,02061388533817909264
2025/08/09 16:13:59,"2,579",-,-,-,-,-,支払い,マルエツ - 愛甲石田店,"PayPayポイント (1円), PayPay残高 (2,578円)",-,-,04772379016044773377
2025/08/09 16:13:59,-,12,-,-,-,-,ポイント、残高の獲得,マルエツ,PayPayポイント,-,-,04772379016044773377
2025/08/09 15:29:20,-,"4,000",-,-,-,JP,受け取った金額,ジユンコ,PayPay残高,-,-,02061207715694657541
2025/08/08 15:07:23,118,-,-,-,-,-,支払い,ファミリーマート - マークイズみなとみらい,"PayPayポイント (71円), PayPay残高 (47円)",-,-,04771602520317353985
2025/08/06 16:25:15,140,-,-,-,-,-,支払い,Coke ON,"PayPayポイント (25円), PayPay残高 (115円)",-,-,04770158311792001025
2025/08/03 21:48:20,160,-,-,-,-,-,支払い,富士薬品グループ - ドラッグセイムス愛甲石田店,PayPay残高,-,-,04768098308036845571
2025/08/02 22:34:29,-,8,-,-,-,-,ポイント、残高の獲得,Appleサービス,PayPayポイント,-,-,04767379923216310277
2025/08/02 22:34:29,"1,730",-,-,-,-,-,支払い,Appleサービス,"PayPayポイント (26円), PayPay残高 (1,704円)",-,-,04767379923216310277
2025/07/30 21:49:18,-,16,-,-,-,-,ポイント、残高の獲得,富士薬品グループ,PayPayポイント,-,-,04765130124852101124
2025/07/30 21:49:18,"3,388",-,-,-,-,-,支払い,富士薬品グループ - ドラッグセイムス愛甲石田店,"PayPayポイント (2円), PayPay残高 (3,386円)",-,-,04765130124852101124
2025/07/30 18:34:10,-,"4,000",-,-,-,JP,受け取った金額,ジユンコ,PayPay残高,-,-,02053881274579255297
2025/07/29 09:46:53,"3,600",-,-,-,-,-,支払い,Appleサービス,PayPay残高,-,-,04764015632374710272
2025/07/29 09:46:53,-,18,-,-,-,-,ポイント、残高の獲得,Appleサービス,PayPayポイント,-,-,04764015632374710272
2025/07/29 09:39:37,-,25,-,-,-,-,ポイント、残高の獲得,Appleサービス,PayPayポイント,-,-,04764011878573948933
2025/07/29 09:39:37,"5,160",-,-,-,-,-,支払い,Appleサービス,"PayPayポイント (27円), PayPay残高 (5,133円)",-,-,04764011878573948933
2025/07/29 09:29:34,-,"10,000",-,-,-,JP,受け取った金額,ジユンコ,PayPay残高,-,-,02052858428117106688
2025/07/28 13:52:04,-,2,-,-,-,-,ポイント、残高の獲得,Amazonプライム会費,PayPayポイント,-,-,04763399802783473672
2025/07/28 13:52:02,600,-,-,-,-,-,支払い,Amazonプライム会費,"PayPayポイント (55円), PayPay残高 (545円)",-,-,04763399802783473672
2025/07/25 20:34:52,-,200,-,-,-,JP,受け取った金額,まな,PayPay残高,-,-,02050232639730745352
2025/07/25 20:11:16,-,700,-,-,-,JP,受け取った金額,まな,PayPay残高,-,-,02050220476382658560
2025/07/25 18:42:57,"3,870",-,-,-,-,-,支払い,Appleサービス,"PayPayポイント (2円), PayPay残高 (3,868円)",-,-,04761323237635768322
2025/07/25 18:42:57,-,19,-,-,-,-,ポイント、残高の獲得,Appleサービス,PayPayポイント,-,-,04761323237635768322
2025/07/25 17:38:02,-,"3,000",-,-,-,-,チャージ,PayPay,セブン銀行ATM,-,-,02050141491934904339
2025/07/22 12:48:07,-,5,-,-,-,-,ポイント、残高の獲得,セブン-イレブン,PayPayポイント,-,-,04758913838287855623
2025/07/22 12:48:07,"1,035",-,-,-,-,-,支払い,セブン-イレブン - 伊勢原石田,PayPay残高,-,-,04758913838287855623
2025/07/22 07:22:24,149,-,-,-,-,-,支払い,セブン-イレブン - 小田急愛甲石田,"PayPayポイント (34円), PayPay残高 (115円)",-,-,04758745973785714688
2025/07/18 12:20:38,130,-,-,-,-,-,支払い,Coke ON,PayPay残高,-,-,04755931000680669191
2025/07/17 11:03:12,-,3,-,-,-,-,ポイント、残高の獲得,Appleサービス,PayPayポイント,-,-,04755148912902152200
2025/07/17 11:03:12,650,-,-,-,-,-,支払い,Appleサービス,PayPay残高,-,-,04755148912902152200
2025/07/17 11:03:09,530,-,-,-,-,-,支払い,Appleサービス,"PayPayポイント (22円), PayPay残高 (508円)",-,-,04755148895723683840
2025/07/17 11:03:09,-,2,-,-,-,-,ポイント、残高の獲得,Appleサービス,PayPayポイント,-,-,04755148895723683840
2025/07/15 13:12:25,"1,200",-,-,-,-,-,支払い,茨城豚骨　美しょう - 茨城豚骨　美しょう,PayPay残高,-,-,04753731169968422916
2025/07/15 13:12:24,-,6,-,-,-,-,ポイント、残高の獲得,茨城豚骨　美しょう,PayPayポイント,-,-,04753731169968422916
2025/07/15 12:38:36,-,"2,000",-,-,-,JP,受け取った金額,ジユンコ,PayPay残高,-,-,02042565470270767108
2025/07/15 09:17:47,120,-,-,-,-,-,支払い,Coke ON,PayPay残高,-,-,04753610240869236738
2025/07/14 17:16:00,677,-,-,-,-,-,支払い,マルエツ - 愛甲石田店,"PayPayポイント (14円), PayPay残高 (663円)",-,-,04753114541512663042
2025/07/14 17:15:59,-,3,-,-,-,-,ポイント、残高の獲得,マルエツ,PayPayポイント,-,-,04753114541512663042
2025/07/13 21:49:29,726,-,-,-,-,-,支払い,富士薬品グループ - ドラッグセイムス愛甲石田店,PayPay残高,-,-,04752513331991453698
2025/07/13 21:49:29,-,3,-,-,-,-,ポイント、残高の獲得,富士薬品グループ,PayPayポイント,-,-,04752513331991453698
2025/07/13 19:16:38,-,"3,000",-,-,-,JP,受け取った金額,ジユンコ,PayPay残高,-,-,02041286265798066191
2025/07/13 12:16:34,-,4,-,-,-,-,ポイント、残高の獲得,セブン-イレブン,PayPayポイント,-,-,04752218044399681543
2025/07/13 12:16:34,962,-,-,-,-,-,支払い,セブン-イレブン - 伊勢原石田,PayPay残高,-,-,04752218044399681543
2025/07/12 19:17:25,84,-,-,-,-,-,支払い,富士薬品グループ - ドラッグセイムス愛甲石田店,"PayPayポイント (5円), PayPay残高 (79円)",-,-,04751692778490626069
2025/07/10 12:57:15,370,-,-,-,-,-,支払い,セブン-イレブン - 片柳学園,PayPay残高,-,-,04750012509975060484
2025/07/10 12:57:15,-,1,-,-,-,-,ポイント、残高の獲得,セブン-イレブン,PayPayポイント,-,-,04750012509975060484
2025/07/09 12:38:27,-,5,-,-,-,-,ポイント、残高の獲得,マクドナルドモバイルオーダー,PayPayポイント,-,-,04749260426839990274
2025/07/09 12:38:01,"1,060",-,-,-,-,-,支払い,マクドナルドモバイルオーダー,PayPay残高,-,-,04749260426839990274
2025/07/09 07:21:54,-,"2,000",-,-,-,JP,受け取った金額,ジユンコ,PayPay残高,-,-,02037949222240698372
2025/07/08 17:07:54,"13,365",-,-,-,-,-,支払い,MASA - MASA,"PayPayポイント (56円), PayPay残高 (13,309円)",-,-,04748657353302491136
2025/07/08 17:07:54,-,66,-,-,-,-,ポイント、残高の獲得,MASA,PayPayポイント,-,-,04748657353302491136
2025/07/08 14:14:54,100,-,-,-,-,JP,送った金額,tomsdayo,PayPay残高,-,-,02037419901881163786
2025/07/08 13:51:34,-,"13,000",-,-,-,JP,受け取った金額,ジユンコ,PayPay残高,-,-,02037407884561555456